ID,Tipo,SKU,Nombre,Publicado,Visibilidad en el catálogo,Descripción corta,¿Existencias?,Inventario,Estado del impuesto,Precio normal,Categorías,Imágenes,Superior,Nombre del atributo 1,Valor(es) del atributo 1,Atributo visible 1,Atributo global 1,Atributo predeterminado 1,Meta: notas_de_salida,Meta: _notas_de_salida,Meta: notas_de_corazon,Meta: _notas_de_corazon,Meta: notas_de_fondo,Meta: _notas_de_fondo
,variable,AR-AURA,Aroma Aura,1,visible,,1,,taxable,,Aromas,https://vaporis.pruebalucuma.site/wp-content/uploads/2026/06/aura.png,,Capacidad,"150 ML, 250 ML, 500 ML, 1 L",1,1,150 ML,"Durazno, pera jugosa",field_6a3739f9978a5,"Magnolia, flor de loto",field_6a373a0b978a6,"Vainilla, almizcle blanco",field_6a373a15978a7
,variation,AR-AURA-150,Aroma Aura 150 ML,1,visible,,1,100,taxable,90.00,Aromas,,AR-AURA,Capacidad,150 ML,1,1,,,,,,,
,variation,AR-AURA-250,Aroma Aura 250 ML,1,visible,,1,100,taxable,125.00,Aromas,,AR-AURA,Capacidad,250 ML,1,1,,,,,,,
,variation,AR-AURA-500,Aroma Aura 500 ML,1,visible,,1,100,taxable,229.00,Aromas,,AR-AURA,Capacidad,500 ML,1,1,,,,,,,
,variation,AR-AURA-1L,Aroma Aura 1 L,1,visible,,1,100,taxable,439.00,Aromas,,AR-AURA,Capacidad,1 L,1,1,,,,,,,
,variable,AR-BLOSSOM,Aroma Blossom,1,visible,,1,,taxable,,Aromas,https://vaporis.pruebalucuma.site/wp-content/uploads/2026/06/blossom.png,,Capacidad,"150 ML, 250 ML, 500 ML, 1 L",1,1,150 ML,"Frutas, cereza dulce",field_6a3739f9978a5,Flores rosadas,field_6a373a0b978a6,"Almizcle, azucar floral",field_6a373a15978a7
,variation,AR-BLOSSOM-150,Aroma Blossom 150 ML,1,visible,,1,100,taxable,90.00,Aromas,,AR-BLOSSOM,Capacidad,150 ML,1,1,,,,,,,
,variation,AR-BLOSSOM-250,Aroma Blossom 250 ML,1,visible,,1,100,taxable,125.00,Aromas,,AR-BLOSSOM,Capacidad,250 ML,1,1,,,,,,,
,variation,AR-BLOSSOM-500,Aroma Blossom 500 ML,1,visible,,1,100,taxable,229.00,Aromas,,AR-BLOSSOM,Capacidad,500 ML,1,1,,,,,,,
,variation,AR-BLOSSOM-1L,Aroma Blossom 1 L,1,visible,,1,100,taxable,439.00,Aromas,,AR-BLOSSOM,Capacidad,1 L,1,1,,,,,,,
,variable,AR-CANELITA,Aroma Canelita,1,visible,,1,,taxable,,Aromas,https://vaporis.pruebalucuma.site/wp-content/uploads/2026/06/canelita.png,,Capacidad,"150 ML, 250 ML, 500 ML, 1 L",1,1,150 ML,"Canela cálida, clavo de olor",field_6a3739f9978a5,"Nuez moscada, jengibre suave",field_6a373a0b978a6,"Azúcar morena, vainilla",field_6a373a15978a7
,variation,AR-CANELITA-150,Aroma Canelita 150 ML,1,visible,,1,100,taxable,90.00,Aromas,,AR-CANELITA,Capacidad,150 ML,1,1,,,,,,,
,variation,AR-CANELITA-250,Aroma Canelita 250 ML,1,visible,,1,100,taxable,125.00,Aromas,,AR-CANELITA,Capacidad,250 ML,1,1,,,,,,,
,variation,AR-CANELITA-500,Aroma Canelita 500 ML,1,visible,,1,100,taxable,229.00,Aromas,,AR-CANELITA,Capacidad,500 ML,1,1,,,,,,,
,variation,AR-CANELITA-1L,Aroma Canelita 1 L,1,visible,,1,100,taxable,439.00,Aromas,,AR-CANELITA,Capacidad,1 L,1,1,,,,,,,
,variable,AR-CARMESI,Aroma Carmesí,1,visible,,1,,taxable,,Aromas,https://vaporis.pruebalucuma.site/wp-content/uploads/2026/06/carmesi.png,,Capacidad,"150 ML, 250 ML, 500 ML, 1 L",1,1,150 ML,"Grosella negra, frutos del bosque",field_6a3739f9978a5,"Peonía, flor de cerezo",field_6a373a0b978a6,"Ámbar rojo, musk sensual",field_6a373a15978a7
,variation,AR-CARMESI-150,Aroma Carmesí 150 ML,1,visible,,1,100,taxable,90.00,Aromas,,AR-CARMESI,Capacidad,150 ML,1,1,,,,,,,
,variation,AR-CARMESI-250,Aroma Carmesí 250 ML,1,visible,,1,100,taxable,125.00,Aromas,,AR-CARMESI,Capacidad,250 ML,1,1,,,,,,,
,variation,AR-CARMESI-500,Aroma Carmesí 500 ML,1,visible,,1,100,taxable,229.00,Aromas,,AR-CARMESI,Capacidad,500 ML,1,1,,,,,,,
,variation,AR-CARMESI-1L,Aroma Carmesí 1 L,1,visible,,1,100,taxable,439.00,Aromas,,AR-CARMESI,Capacidad,1 L,1,1,,,,,,,
,variable,AR-CITRUS-BLOOM,Aroma Citrus Bloom,1,visible,,1,,taxable,,Aromas,https://vaporis.pruebalucuma.site/wp-content/uploads/2026/06/citrus-bloom.png,,Capacidad,"150 ML, 250 ML, 500 ML, 1 L",1,1,150 ML,"Limón, hierbas aromáticas",field_6a3739f9978a5,"Flores silvestres, hoja verde",field_6a373a0b978a6,"Almizcle, madera clara",field_6a373a15978a7
,variation,AR-CITRUS-BLOOM-150,Aroma Citrus Bloom 150 ML,1,visible,,1,100,taxable,90.00,Aromas,,AR-CITRUS-BLOOM,Capacidad,150 ML,1,1,,,,,,,
,variation,AR-CITRUS-BLOOM-250,Aroma Citrus Bloom 250 ML,1,visible,,1,100,taxable,125.00,Aromas,,AR-CITRUS-BLOOM,Capacidad,250 ML,1,1,,,,,,,
,variation,AR-CITRUS-BLOOM-500,Aroma Citrus Bloom 500 ML,1,visible,,1,100,taxable,229.00,Aromas,,AR-CITRUS-BLOOM,Capacidad,500 ML,1,1,,,,,,,
,variation,AR-CITRUS-BLOOM-1L,Aroma Citrus Bloom 1 L,1,visible,,1,100,taxable,439.00,Aromas,,AR-CITRUS-BLOOM,Capacidad,1 L,1,1,,,,,,,
,variable,AR-CLASSIC-BLUE,Aroma Classic Blue,1,visible,,1,,taxable,,Aromas,https://vaporis.pruebalucuma.site/wp-content/uploads/2026/06/classic-blue.png,,Capacidad,"150 ML, 250 ML, 500 ML, 1 L",1,1,150 ML,"Limón siciliano, mandarina",field_6a3739f9978a5,"Cedro virgeniano, vetiver",field_6a373a0b978a6,"Madera seca, almizcle",field_6a373a15978a7
,variation,AR-CLASSIC-BLUE-150,Aroma Classic Blue 150 ML,1,visible,,1,100,taxable,90.00,Aromas,,AR-CLASSIC-BLUE,Capacidad,150 ML,1,1,,,,,,,
,variation,AR-CLASSIC-BLUE-250,Aroma Classic Blue 250 ML,1,visible,,1,100,taxable,125.00,Aromas,,AR-CLASSIC-BLUE,Capacidad,250 ML,1,1,,,,,,,
,variation,AR-CLASSIC-BLUE-500,Aroma Classic Blue 500 ML,1,visible,,1,100,taxable,229.00,Aromas,,AR-CLASSIC-BLUE,Capacidad,500 ML,1,1,,,,,,,
,variation,AR-CLASSIC-BLUE-1L,Aroma Classic Blue 1 L,1,visible,,1,100,taxable,439.00,Aromas,,AR-CLASSIC-BLUE,Capacidad,1 L,1,1,,,,,,,
,variable,AR-COCO-ZEN,Aroma Coco Zen,1,visible,,1,,taxable,,Aromas,https://vaporis.pruebalucuma.site/wp-content/uploads/2026/06/coco-zen.png,,Capacidad,"150 ML, 250 ML, 500 ML, 1 L",1,1,150 ML,"Coco cremoso, almendra tostada",field_6a3739f9978a5,"Leche de vainilla, heliotropo",field_6a373a0b978a6,"Sándalo, azúcar de coco",field_6a373a15978a7
,variation,AR-COCO-ZEN-150,Aroma Coco Zen 150 ML,1,visible,,1,100,taxable,90.00,Aromas,,AR-COCO-ZEN,Capacidad,150 ML,1,1,,,,,,,
,variation,AR-COCO-ZEN-250,Aroma Coco Zen 250 ML,1,visible,,1,100,taxable,125.00,Aromas,,AR-COCO-ZEN,Capacidad,250 ML,1,1,,,,,,,
,variation,AR-COCO-ZEN-500,Aroma Coco Zen 500 ML,1,visible,,1,100,taxable,229.00,Aromas,,AR-COCO-ZEN,Capacidad,500 ML,1,1,,,,,,,
,variation,AR-COCO-ZEN-1L,Aroma Coco Zen 1 L,1,visible,,1,100,taxable,439.00,Aromas,,AR-COCO-ZEN,Capacidad,1 L,1,1,,,,,,,
,variable,AR-COOKIE-FOREST,Aroma Cookie Forest,1,visible,,1,,taxable,,Aromas,https://vaporis.pruebalucuma.site/wp-content/uploads/2026/06/cookie-forest.png,,Capacidad,"150 ML, 250 ML, 500 ML, 1 L",1,1,150 ML,"Caramelo cremoso, azúcar",field_6a3739f9978a5,"Galleta de vainilla, nuez",field_6a373a0b978a6,"Madera dulce, leche caliente",field_6a373a15978a7
,variation,AR-COOKIE-FOREST-150,Aroma Cookie Forest 150 ML,1,visible,,1,100,taxable,90.00,Aromas,,AR-COOKIE-FOREST,Capacidad,150 ML,1,1,,,,,,,
,variation,AR-COOKIE-FOREST-250,Aroma Cookie Forest 250 ML,1,visible,,1,100,taxable,125.00,Aromas,,AR-COOKIE-FOREST,Capacidad,250 ML,1,1,,,,,,,
,variation,AR-COOKIE-FOREST-500,Aroma Cookie Forest 500 ML,1,visible,,1,100,taxable,229.00,Aromas,,AR-COOKIE-FOREST,Capacidad,500 ML,1,1,,,,,,,
,variation,AR-COOKIE-FOREST-1L,Aroma Cookie Forest 1 L,1,visible,,1,100,taxable,439.00,Aromas,,AR-COOKIE-FOREST,Capacidad,1 L,1,1,,,,,,,
,variable,AR-CORTEZA,Aroma Corteza,1,visible,,1,,taxable,,Aromas,https://vaporis.pruebalucuma.site/wp-content/uploads/2026/06/corteza.png,,Capacidad,"150 ML, 250 ML, 500 ML, 1 L",1,1,150 ML,"Frutas acuáticas, ozono limpio",field_6a3739f9978a5,"Notas marinas, pomelo rosado",field_6a373a0b978a6,"Vetiver, madera flotante",field_6a373a15978a7
,variation,AR-CORTEZA-150,Aroma Corteza 150 ML,1,visible,,1,100,taxable,90.00,Aromas,,AR-CORTEZA,Capacidad,150 ML,1,1,,,,,,,
,variation,AR-CORTEZA-250,Aroma Corteza 250 ML,1,visible,,1,100,taxable,125.00,Aromas,,AR-CORTEZA,Capacidad,250 ML,1,1,,,,,,,
,variation,AR-CORTEZA-500,Aroma Corteza 500 ML,1,visible,,1,100,taxable,229.00,Aromas,,AR-CORTEZA,Capacidad,500 ML,1,1,,,,,,,
,variation,AR-CORTEZA-1L,Aroma Corteza 1 L,1,visible,,1,100,taxable,439.00,Aromas,,AR-CORTEZA,Capacidad,1 L,1,1,,,,,,,
,variable,AR-DARK-MOTION,Aroma Dark Motion,1,visible,,1,,taxable,,Aromas,https://vaporis.pruebalucuma.site/wp-content/uploads/2026/06/dark-motion.png,,Capacidad,"150 ML, 250 ML, 500 ML, 1 L",1,1,150 ML,"Cuero negro, pimienta rosa",field_6a3739f9978a5,"Madera ahumada, incienso",field_6a373a0b978a6,"Ámbar oscuro, pachuli intenso",field_6a373a15978a7
,variation,AR-DARK-MOTION-150,Aroma Dark Motion 150 ML,1,visible,,1,100,taxable,90.00,Aromas,,AR-DARK-MOTION,Capacidad,150 ML,1,1,,,,,,,
,variation,AR-DARK-MOTION-250,Aroma Dark Motion 250 ML,1,visible,,1,100,taxable,125.00,Aromas,,AR-DARK-MOTION,Capacidad,250 ML,1,1,,,,,,,
,variation,AR-DARK-MOTION-500,Aroma Dark Motion 500 ML,1,visible,,1,100,taxable,229.00,Aromas,,AR-DARK-MOTION,Capacidad,500 ML,1,1,,,,,,,
,variation,AR-DARK-MOTION-1L,Aroma Dark Motion 1 L,1,visible,,1,100,taxable,439.00,Aromas,,AR-DARK-MOTION,Capacidad,1 L,1,1,,,,,,,
,variable,AR-DELICIA,Aroma Delicia,1,visible,,1,,taxable,,Aromas,https://vaporis.pruebalucuma.site/wp-content/uploads/2026/06/Delicia.png,,Capacidad,"150 ML, 250 ML, 500 ML, 1 L",1,1,150 ML,"Pera fresca, manzana verde",field_6a3739f9978a5,"Flor blanca, hojas verdes",field_6a373a0b978a6,"Ámbar suave, almizcle",field_6a373a15978a7
,variation,AR-DELICIA-150,Aroma Delicia 150 ML,1,visible,,1,100,taxable,90.00,Aromas,,AR-DELICIA,Capacidad,150 ML,1,1,,,,,,,
,variation,AR-DELICIA-250,Aroma Delicia 250 ML,1,visible,,1,100,taxable,125.00,Aromas,,AR-DELICIA,Capacidad,250 ML,1,1,,,,,,,
,variation,AR-DELICIA-500,Aroma Delicia 500 ML,1,visible,,1,100,taxable,229.00,Aromas,,AR-DELICIA,Capacidad,500 ML,1,1,,,,,,,
,variation,AR-DELICIA-1L,Aroma Delicia 1 L,1,visible,,1,100,taxable,439.00,Aromas,,AR-DELICIA,Capacidad,1 L,1,1,,,,,,,
,variable,AR-DREAM-LOVE,Aroma Dream Love,1,visible,,1,,taxable,,Aromas,https://vaporis.pruebalucuma.site/wp-content/uploads/2026/06/dream-love.png,,Capacidad,"150 ML, 250 ML, 500 ML, 1 L",1,1,150 ML,"Cedro rosado, flor de naranjo",field_6a3739f9978a5,"Almizcle, rosa antigua",field_6a373a0b978a6,"Bois de rose, ámbar cálido",field_6a373a15978a7
,variation,AR-DREAM-LOVE-150,Aroma Dream Love 150 ML,1,visible,,1,100,taxable,90.00,Aromas,,AR-DREAM-LOVE,Capacidad,150 ML,1,1,,,,,,,
,variation,AR-DREAM-LOVE-250,Aroma Dream Love 250 ML,1,visible,,1,100,taxable,125.00,Aromas,,AR-DREAM-LOVE,Capacidad,250 ML,1,1,,,,,,,
,variation,AR-DREAM-LOVE-500,Aroma Dream Love 500 ML,1,visible,,1,100,taxable,229.00,Aromas,,AR-DREAM-LOVE,Capacidad,500 ML,1,1,,,,,,,
,variation,AR-DREAM-LOVE-1L,Aroma Dream Love 1 L,1,visible,,1,100,taxable,439.00,Aromas,,AR-DREAM-LOVE,Capacidad,1 L,1,1,,,,,,,
,variable,AR-DULCE-ESTACION,Aroma Dulce Estación,1,visible,,1,,taxable,,Aromas,https://vaporis.pruebalucuma.site/wp-content/uploads/2026/06/dulce-estacion.png,,Capacidad,"150 ML, 250 ML, 500 ML, 1 L",1,1,150 ML,"Durazno maduro, frutos rojos",field_6a3739f9978a5,"Crema batida, flor de vainilla",field_6a373a0b978a6,"Madera suave, almizcle",field_6a373a15978a7
,variation,AR-DULCE-ESTACION-150,Aroma Dulce Estación 150 ML,1,visible,,1,100,taxable,90.00,Aromas,,AR-DULCE-ESTACION,Capacidad,150 ML,1,1,,,,,,,
,variation,AR-DULCE-ESTACION-250,Aroma Dulce Estación 250 ML,1,visible,,1,100,taxable,125.00,Aromas,,AR-DULCE-ESTACION,Capacidad,250 ML,1,1,,,,,,,
,variation,AR-DULCE-ESTACION-500,Aroma Dulce Estación 500 ML,1,visible,,1,100,taxable,229.00,Aromas,,AR-DULCE-ESTACION,Capacidad,500 ML,1,1,,,,,,,
,variation,AR-DULCE-ESTACION-1L,Aroma Dulce Estación 1 L,1,visible,,1,100,taxable,439.00,Aromas,,AR-DULCE-ESTACION,Capacidad,1 L,1,1,,,,,,,
,variable,AR-FLORAL-BREEZE,Aroma Floral Breeze,1,visible,,1,,taxable,,Aromas,https://vaporis.pruebalucuma.site/wp-content/uploads/2026/06/floral-breeze.png,,Capacidad,"150 ML, 250 ML, 500 ML, 1 L",1,1,150 ML,"Lirio del valle, mandarina",field_6a3739f9978a5,"Rosa silvestre, gardenia",field_6a373a0b978a6,"Almizcle, madera de ámbar",field_6a373a15978a7
,variation,AR-FLORAL-BREEZE-150,Aroma Floral Breeze 150 ML,1,visible,,1,100,taxable,90.00,Aromas,,AR-FLORAL-BREEZE,Capacidad,150 ML,1,1,,,,,,,
,variation,AR-FLORAL-BREEZE-250,Aroma Floral Breeze 250 ML,1,visible,,1,100,taxable,125.00,Aromas,,AR-FLORAL-BREEZE,Capacidad,250 ML,1,1,,,,,,,
,variation,AR-FLORAL-BREEZE-500,Aroma Floral Breeze 500 ML,1,visible,,1,100,taxable,229.00,Aromas,,AR-FLORAL-BREEZE,Capacidad,500 ML,1,1,,,,,,,
,variation,AR-FLORAL-BREEZE-1L,Aroma Floral Breeze 1 L,1,visible,,1,100,taxable,439.00,Aromas,,AR-FLORAL-BREEZE,Capacidad,1 L,1,1,,,,,,,
,variable,AR-FRESH,Aroma Fresh,0,visible,,1,,taxable,,Aromas,,,Capacidad,"150 ML, 250 ML, 500 ML, 1 L",1,1,150 ML,Brisa marina,field_6a3739f9978a5,"Madera clara, hoja fresca",field_6a373a0b978a6,"Ambar ligero, almizcle",field_6a373a15978a7
,variation,AR-FRESH-150,Aroma Fresh 150 ML,0,visible,,1,100,taxable,90.00,Aromas,,AR-FRESH,Capacidad,150 ML,1,1,,,,,,,
,variation,AR-FRESH-250,Aroma Fresh 250 ML,0,visible,,1,100,taxable,125.00,Aromas,,AR-FRESH,Capacidad,250 ML,1,1,,,,,,,
,variation,AR-FRESH-500,Aroma Fresh 500 ML,0,visible,,1,100,taxable,229.00,Aromas,,AR-FRESH,Capacidad,500 ML,1,1,,,,,,,
,variation,AR-FRESH-1L,Aroma Fresh 1 L,0,visible,,1,100,taxable,439.00,Aromas,,AR-FRESH,Capacidad,1 L,1,1,,,,,,,
,variable,AR-GLAMOUR,Aroma Glamour,1,visible,,1,,taxable,,Aromas,https://vaporis.pruebalucuma.site/wp-content/uploads/2026/06/glamour.png,,Capacidad,"150 ML, 250 ML, 500 ML, 1 L",1,1,150 ML,"Cereza negra, pimienta rosa",field_6a3739f9978a5,"Violeta, flor de naranjo",field_6a373a0b978a6,"Vainilla intensa, pachulí",field_6a373a15978a7
,variation,AR-GLAMOUR-150,Aroma Glamour 150 ML,1,visible,,1,100,taxable,90.00,Aromas,,AR-GLAMOUR,Capacidad,150 ML,1,1,,,,,,,
,variation,AR-GLAMOUR-250,Aroma Glamour 250 ML,1,visible,,1,100,taxable,125.00,Aromas,,AR-GLAMOUR,Capacidad,250 ML,1,1,,,,,,,
,variation,AR-GLAMOUR-500,Aroma Glamour 500 ML,1,visible,,1,100,taxable,229.00,Aromas,,AR-GLAMOUR,Capacidad,500 ML,1,1,,,,,,,
,variation,AR-GLAMOUR-1L,Aroma Glamour 1 L,1,visible,,1,100,taxable,439.00,Aromas,,AR-GLAMOUR,Capacidad,1 L,1,1,,,,,,,
,variable,AR-GOLDEN,Aroma Golden,1,visible,,1,,taxable,,Aromas,https://vaporis.pruebalucuma.site/wp-content/uploads/2026/06/golden.png,,Capacidad,"150 ML, 250 ML, 500 ML, 1 L",1,1,150 ML,"Cítricos, flor de azahar",field_6a3739f9978a5,"Jazmín, lirio del valle",field_6a373a0b978a6,"Almizcle blanco, ámbar dorado",field_6a373a15978a7
,variation,AR-GOLDEN-150,Aroma Golden 150 ML,1,visible,,1,100,taxable,90.00,Aromas,,AR-GOLDEN,Capacidad,150 ML,1,1,,,,,,,
,variation,AR-GOLDEN-250,Aroma Golden 250 ML,1,visible,,1,100,taxable,125.00,Aromas,,AR-GOLDEN,Capacidad,250 ML,1,1,,,,,,,
,variation,AR-GOLDEN-500,Aroma Golden 500 ML,1,visible,,1,100,taxable,229.00,Aromas,,AR-GOLDEN,Capacidad,500 ML,1,1,,,,,,,
,variation,AR-GOLDEN-1L,Aroma Golden 1 L,1,visible,,1,100,taxable,439.00,Aromas,,AR-GOLDEN,Capacidad,1 L,1,1,,,,,,,
,variable,AR-HONEY,Aroma Honey,1,visible,,1,,taxable,,Aromas,https://vaporis.pruebalucuma.site/wp-content/uploads/2026/06/honey.png,,Capacidad,"150 ML, 250 ML, 500 ML, 1 L",1,1,150 ML,"Néctar, flores, miel dorada",field_6a3739f9978a5,Flores suaves,field_6a373a0b978a6,"Vainilla tibia, madera dulce",field_6a373a15978a7
,variation,AR-HONEY-150,Aroma Honey 150 ML,1,visible,,1,100,taxable,90.00,Aromas,,AR-HONEY,Capacidad,150 ML,1,1,,,,,,,
,variation,AR-HONEY-250,Aroma Honey 250 ML,1,visible,,1,100,taxable,125.00,Aromas,,AR-HONEY,Capacidad,250 ML,1,1,,,,,,,
,variation,AR-HONEY-500,Aroma Honey 500 ML,1,visible,,1,100,taxable,229.00,Aromas,,AR-HONEY,Capacidad,500 ML,1,1,,,,,,,
,variation,AR-HONEY-1L,Aroma Honey 1 L,1,visible,,1,100,taxable,439.00,Aromas,,AR-HONEY,Capacidad,1 L,1,1,,,,,,,
,variable,AR-LAVANDA-FRANCESA,Aroma Lavanda Francesa,1,visible,,1,,taxable,,Aromas,https://vaporis.pruebalucuma.site/wp-content/uploads/2026/06/lavanda-francesa.png,,Capacidad,"150 ML, 250 ML, 500 ML, 1 L",1,1,150 ML,"Lavanda de Provenza, limón",field_6a3739f9978a5,"Romero, eucalipto",field_6a373a0b978a6,"Cedro, almizcle",field_6a373a15978a7
,variation,AR-LAVANDA-FRANCESA-150,Aroma Lavanda Francesa 150 ML,1,visible,,1,100,taxable,90.00,Aromas,,AR-LAVANDA-FRANCESA,Capacidad,150 ML,1,1,,,,,,,
,variation,AR-LAVANDA-FRANCESA-250,Aroma Lavanda Francesa 250 ML,1,visible,,1,100,taxable,125.00,Aromas,,AR-LAVANDA-FRANCESA,Capacidad,250 ML,1,1,,,,,,,
,variation,AR-LAVANDA-FRANCESA-500,Aroma Lavanda Francesa 500 ML,1,visible,,1,100,taxable,229.00,Aromas,,AR-LAVANDA-FRANCESA,Capacidad,500 ML,1,1,,,,,,,
,variation,AR-LAVANDA-FRANCESA-1L,Aroma Lavanda Francesa 1 L,1,visible,,1,100,taxable,439.00,Aromas,,AR-LAVANDA-FRANCESA,Capacidad,1 L,1,1,,,,,,,
,variable,AR-MACCHIATO,Aroma Macchiato,1,visible,,1,,taxable,,Aromas,https://vaporis.pruebalucuma.site/wp-content/uploads/2026/06/macchiato.png,,Capacidad,"150 ML, 250 ML, 500 ML, 1 L",1,1,150 ML,"Espresso, cacao tostado",field_6a3739f9978a5,"Crema dulce, caramelo",field_6a373a0b978a6,"Madera, vainilla oscura",field_6a373a15978a7
,variation,AR-MACCHIATO-150,Aroma Macchiato 150 ML,1,visible,,1,100,taxable,90.00,Aromas,,AR-MACCHIATO,Capacidad,150 ML,1,1,,,,,,,
,variation,AR-MACCHIATO-250,Aroma Macchiato 250 ML,1,visible,,1,100,taxable,125.00,Aromas,,AR-MACCHIATO,Capacidad,250 ML,1,1,,,,,,,
,variation,AR-MACCHIATO-500,Aroma Macchiato 500 ML,1,visible,,1,100,taxable,229.00,Aromas,,AR-MACCHIATO,Capacidad,500 ML,1,1,,,,,,,
,variation,AR-MACCHIATO-1L,Aroma Macchiato 1 L,1,visible,,1,100,taxable,439.00,Aromas,,AR-MACCHIATO,Capacidad,1 L,1,1,,,,,,,
,variable,AR-MANGO-TROPICAL,Aroma Mango Tropical,1,visible,,1,,taxable,,Aromas,https://vaporis.pruebalucuma.site/wp-content/uploads/2026/06/mango-tropical.png,,Capacidad,"150 ML, 250 ML, 500 ML, 1 L",1,1,150 ML,"Mango jugoso, maracuyá",field_6a3739f9978a5,"Flor de hibisco, peonía rosada",field_6a373a0b978a6,"Almizcle, vainilla ligera",field_6a373a15978a7
,variation,AR-MANGO-TROPICAL-150,Aroma Mango Tropical 150 ML,1,visible,,1,100,taxable,90.00,Aromas,,AR-MANGO-TROPICAL,Capacidad,150 ML,1,1,,,,,,,
,variation,AR-MANGO-TROPICAL-250,Aroma Mango Tropical 250 ML,1,visible,,1,100,taxable,125.00,Aromas,,AR-MANGO-TROPICAL,Capacidad,250 ML,1,1,,,,,,,
,variation,AR-MANGO-TROPICAL-500,Aroma Mango Tropical 500 ML,1,visible,,1,100,taxable,229.00,Aromas,,AR-MANGO-TROPICAL,Capacidad,500 ML,1,1,,,,,,,
,variation,AR-MANGO-TROPICAL-1L,Aroma Mango Tropical 1 L,1,visible,,1,100,taxable,439.00,Aromas,,AR-MANGO-TROPICAL,Capacidad,1 L,1,1,,,,,,,
,variable,AR-MATCHA,Aroma Matcha,1,visible,,1,,taxable,,Aromas,https://vaporis.pruebalucuma.site/wp-content/uploads/2026/06/matcha.png,,Capacidad,"150 ML, 250 ML, 500 ML, 1 L",1,1,150 ML,"Té verde, lima",field_6a3739f9978a5,"Hoja de menta, bambú",field_6a373a0b978a6,"Almizcle suave, ámbar claro",field_6a373a15978a7
,variation,AR-MATCHA-150,Aroma Matcha 150 ML,1,visible,,1,100,taxable,90.00,Aromas,,AR-MATCHA,Capacidad,150 ML,1,1,,,,,,,
,variation,AR-MATCHA-250,Aroma Matcha 250 ML,1,visible,,1,100,taxable,125.00,Aromas,,AR-MATCHA,Capacidad,250 ML,1,1,,,,,,,
,variation,AR-MATCHA-500,Aroma Matcha 500 ML,1,visible,,1,100,taxable,229.00,Aromas,,AR-MATCHA,Capacidad,500 ML,1,1,,,,,,,
,variation,AR-MATCHA-1L,Aroma Matcha 1 L,1,visible,,1,100,taxable,439.00,Aromas,,AR-MATCHA,Capacidad,1 L,1,1,,,,,,,
,variable,AR-MOCA,Aroma Moca,0,visible,,1,,taxable,,Aromas,,,Capacidad,"150 ML, 250 ML, 500 ML, 1 L",1,1,150 ML,"Espresso, cacao amargo",field_6a3739f9978a5,"Avellana, caramelo",field_6a373a0b978a6,"Vainilla oscura, madera tostada",field_6a373a15978a7
,variation,AR-MOCA-150,Aroma Moca 150 ML,0,visible,,1,100,taxable,90.00,Aromas,,AR-MOCA,Capacidad,150 ML,1,1,,,,,,,
,variation,AR-MOCA-250,Aroma Moca 250 ML,0,visible,,1,100,taxable,125.00,Aromas,,AR-MOCA,Capacidad,250 ML,1,1,,,,,,,
,variation,AR-MOCA-500,Aroma Moca 500 ML,0,visible,,1,100,taxable,229.00,Aromas,,AR-MOCA,Capacidad,500 ML,1,1,,,,,,,
,variation,AR-MOCA-1L,Aroma Moca 1 L,0,visible,,1,100,taxable,439.00,Aromas,,AR-MOCA,Capacidad,1 L,1,1,,,,,,,
,variable,AR-MOONLIGHT,Aroma Moonlight,1,visible,,1,,taxable,,Aromas,https://vaporis.pruebalucuma.site/wp-content/uploads/2026/06/moonlight.png,,Capacidad,"150 ML, 250 ML, 500 ML, 1 L",1,1,150 ML,"Vainilla cremosa, coco suave",field_6a3739f9978a5,"Leche de almendra, caramelo",field_6a373a0b978a6,"Madera dulce, almizcle cálido",field_6a373a15978a7
,variation,AR-MOONLIGHT-150,Aroma Moonlight 150 ML,1,visible,,1,100,taxable,90.00,Aromas,,AR-MOONLIGHT,Capacidad,150 ML,1,1,,,,,,,
,variation,AR-MOONLIGHT-250,Aroma Moonlight 250 ML,1,visible,,1,100,taxable,125.00,Aromas,,AR-MOONLIGHT,Capacidad,250 ML,1,1,,,,,,,
,variation,AR-MOONLIGHT-500,Aroma Moonlight 500 ML,1,visible,,1,100,taxable,229.00,Aromas,,AR-MOONLIGHT,Capacidad,500 ML,1,1,,,,,,,
,variation,AR-MOONLIGHT-1L,Aroma Moonlight 1 L,1,visible,,1,100,taxable,439.00,Aromas,,AR-MOONLIGHT,Capacidad,1 L,1,1,,,,,,,
,variable,AR-PASION,Aroma Pasión,1,visible,,1,,taxable,,Aromas,https://vaporis.pruebalucuma.site/wp-content/uploads/2026/06/pasion.png,,Capacidad,"150 ML, 250 ML, 500 ML, 1 L",1,1,150 ML,"Frutas rojas, mandarina",field_6a3739f9978a5,"Jazmín, rosa intensa",field_6a373a0b978a6,"Almizcle sensual, ámbar",field_6a373a15978a7
,variation,AR-PASION-150,Aroma Pasión 150 ML,1,visible,,1,100,taxable,90.00,Aromas,,AR-PASION,Capacidad,150 ML,1,1,,,,,,,
,variation,AR-PASION-250,Aroma Pasión 250 ML,1,visible,,1,100,taxable,125.00,Aromas,,AR-PASION,Capacidad,250 ML,1,1,,,,,,,
,variation,AR-PASION-500,Aroma Pasión 500 ML,1,visible,,1,100,taxable,229.00,Aromas,,AR-PASION,Capacidad,500 ML,1,1,,,,,,,
,variation,AR-PASION-1L,Aroma Pasión 1 L,1,visible,,1,100,taxable,439.00,Aromas,,AR-PASION,Capacidad,1 L,1,1,,,,,,,
,variable,AR-PASSION-SOUR,Aroma Passion Sour,1,visible,,1,,taxable,,Aromas,https://vaporis.pruebalucuma.site/wp-content/uploads/2026/06/passion-sour.png,,Capacidad,"150 ML, 250 ML, 500 ML, 1 L",1,1,150 ML,"Maracuyá, lima",field_6a3739f9978a5,"Mango verde, flor de azahar",field_6a373a0b978a6,"Almizcle, azúcar de caña",field_6a373a15978a7
,variation,AR-PASSION-SOUR-150,Aroma Passion Sour 150 ML,1,visible,,1,100,taxable,90.00,Aromas,,AR-PASSION-SOUR,Capacidad,150 ML,1,1,,,,,,,
,variation,AR-PASSION-SOUR-250,Aroma Passion Sour 250 ML,1,visible,,1,100,taxable,125.00,Aromas,,AR-PASSION-SOUR,Capacidad,250 ML,1,1,,,,,,,
,variation,AR-PASSION-SOUR-500,Aroma Passion Sour 500 ML,1,visible,,1,100,taxable,229.00,Aromas,,AR-PASSION-SOUR,Capacidad,500 ML,1,1,,,,,,,
,variation,AR-PASSION-SOUR-1L,Aroma Passion Sour 1 L,1,visible,,1,100,taxable,439.00,Aromas,,AR-PASSION-SOUR,Capacidad,1 L,1,1,,,,,,,
,variable,AR-PEONIA,Aroma Peonia,1,visible,,1,,taxable,,Aromas,https://vaporis.pruebalucuma.site/wp-content/uploads/2026/06/peonia.png,,Capacidad,"150 ML, 250 ML, 500 ML, 1 L",1,1,150 ML,"Pera jugosa, pino siberiano",field_6a3739f9978a5,"Peonía, magnolia, muguet",field_6a373a0b978a6,"Cedarwood, vetiver",field_6a373a15978a7
,variation,AR-PEONIA-150,Aroma Peonia 150 ML,1,visible,,1,100,taxable,90.00,Aromas,,AR-PEONIA,Capacidad,150 ML,1,1,,,,,,,
,variation,AR-PEONIA-250,Aroma Peonia 250 ML,1,visible,,1,100,taxable,125.00,Aromas,,AR-PEONIA,Capacidad,250 ML,1,1,,,,,,,
,variation,AR-PEONIA-500,Aroma Peonia 500 ML,1,visible,,1,100,taxable,229.00,Aromas,,AR-PEONIA,Capacidad,500 ML,1,1,,,,,,,
,variation,AR-PEONIA-1L,Aroma Peonia 1 L,1,visible,,1,100,taxable,439.00,Aromas,,AR-PEONIA,Capacidad,1 L,1,1,,,,,,,
,variable,AR-PINK-GLOW,Aroma Pink Glow,1,visible,,1,,taxable,,Aromas,https://vaporis.pruebalucuma.site/wp-content/uploads/2026/06/pink-glow.png,,Capacidad,"150 ML, 250 ML, 500 ML, 1 L",1,1,150 ML,"Sandía fresca, lima dulce",field_6a3739f9978a5,"Rosa blanca, jazmín acuático",field_6a373a0b978a6,"Almizcle rosa, acorde afrutado",field_6a373a15978a7
,variation,AR-PINK-GLOW-150,Aroma Pink Glow 150 ML,1,visible,,1,100,taxable,90.00,Aromas,,AR-PINK-GLOW,Capacidad,150 ML,1,1,,,,,,,
,variation,AR-PINK-GLOW-250,Aroma Pink Glow 250 ML,1,visible,,1,100,taxable,125.00,Aromas,,AR-PINK-GLOW,Capacidad,250 ML,1,1,,,,,,,
,variation,AR-PINK-GLOW-500,Aroma Pink Glow 500 ML,1,visible,,1,100,taxable,229.00,Aromas,,AR-PINK-GLOW,Capacidad,500 ML,1,1,,,,,,,
,variation,AR-PINK-GLOW-1L,Aroma Pink Glow 1 L,1,visible,,1,100,taxable,439.00,Aromas,,AR-PINK-GLOW,Capacidad,1 L,1,1,,,,,,,
,variable,AR-PRIMAVERA,Aroma Primavera,1,visible,,1,,taxable,,Aromas,https://vaporis.pruebalucuma.site/wp-content/uploads/2026/06/primavera.png,,Capacidad,"150 ML, 250 ML, 500 ML, 1 L",1,1,150 ML,"Fresa, hojas verdes",field_6a3739f9978a5,"Gardenia, violeta",field_6a373a0b978a6,"Madera clara, almizcle",field_6a373a15978a7
,variation,AR-PRIMAVERA-150,Aroma Primavera 150 ML,1,visible,,1,100,taxable,90.00,Aromas,,AR-PRIMAVERA,Capacidad,150 ML,1,1,,,,,,,
,variation,AR-PRIMAVERA-250,Aroma Primavera 250 ML,1,visible,,1,100,taxable,125.00,Aromas,,AR-PRIMAVERA,Capacidad,250 ML,1,1,,,,,,,
,variation,AR-PRIMAVERA-500,Aroma Primavera 500 ML,1,visible,,1,100,taxable,229.00,Aromas,,AR-PRIMAVERA,Capacidad,500 ML,1,1,,,,,,,
,variation,AR-PRIMAVERA-1L,Aroma Primavera 1 L,1,visible,,1,100,taxable,439.00,Aromas,,AR-PRIMAVERA,Capacidad,1 L,1,1,,,,,,,
,variable,AR-RED-CARPET,Aroma Red Carpet,0,visible,,1,,taxable,,Aromas,,,Capacidad,"150 ML, 250 ML, 500 ML, 1 L",1,1,150 ML,Incienso resinoso,field_6a3739f9978a5,"Madera de oud, sándalo",field_6a373a0b978a6,"Patchouli terroso, ámbar",field_6a373a15978a7
,variation,AR-RED-CARPET-150,Aroma Red Carpet 150 ML,0,visible,,1,100,taxable,90.00,Aromas,,AR-RED-CARPET,Capacidad,150 ML,1,1,,,,,,,
,variation,AR-RED-CARPET-250,Aroma Red Carpet 250 ML,0,visible,,1,100,taxable,125.00,Aromas,,AR-RED-CARPET,Capacidad,250 ML,1,1,,,,,,,
,variation,AR-RED-CARPET-500,Aroma Red Carpet 500 ML,0,visible,,1,100,taxable,229.00,Aromas,,AR-RED-CARPET,Capacidad,500 ML,1,1,,,,,,,
,variation,AR-RED-CARPET-1L,Aroma Red Carpet 1 L,0,visible,,1,100,taxable,439.00,Aromas,,AR-RED-CARPET,Capacidad,1 L,1,1,,,,,,,
,variable,AR-ROSA-PASIONAL,Aroma Rosa Pasional,1,visible,,1,,taxable,,Aromas,https://vaporis.pruebalucuma.site/wp-content/uploads/2026/06/Rosa-pasional.png,,Capacidad,"150 ML, 250 ML, 500 ML, 1 L",1,1,150 ML,"Rosa roja, mandarina",field_6a3739f9978a5,"Violeta, jazmín",field_6a373a0b978a6,"Patchouli, almizcle sensual",field_6a373a15978a7
,variation,AR-ROSA-PASIONAL-150,Aroma Rosa Pasional 150 ML,1,visible,,1,100,taxable,90.00,Aromas,,AR-ROSA-PASIONAL,Capacidad,150 ML,1,1,,,,,,,
,variation,AR-ROSA-PASIONAL-250,Aroma Rosa Pasional 250 ML,1,visible,,1,100,taxable,125.00,Aromas,,AR-ROSA-PASIONAL,Capacidad,250 ML,1,1,,,,,,,
,variation,AR-ROSA-PASIONAL-500,Aroma Rosa Pasional 500 ML,1,visible,,1,100,taxable,229.00,Aromas,,AR-ROSA-PASIONAL,Capacidad,500 ML,1,1,,,,,,,
,variation,AR-ROSA-PASIONAL-1L,Aroma Rosa Pasional 1 L,1,visible,,1,100,taxable,439.00,Aromas,,AR-ROSA-PASIONAL,Capacidad,1 L,1,1,,,,,,,
,variable,AR-ROSE,Aroma Rosé,1,visible,,1,,taxable,,Aromas,https://vaporis.pruebalucuma.site/wp-content/uploads/2026/06/rose.png,,Capacidad,"150 ML, 250 ML, 500 ML, 1 L",1,1,150 ML,Pétalos de rosa roja,field_6a3739f9978a5,"Rosa búlgara, geranio",field_6a373a0b978a6,"Miel, almizcle suave",field_6a373a15978a7
,variation,AR-ROSE-150,Aroma Rosé 150 ML,1,visible,,1,100,taxable,90.00,Aromas,,AR-ROSE,Capacidad,150 ML,1,1,,,,,,,
,variation,AR-ROSE-250,Aroma Rosé 250 ML,1,visible,,1,100,taxable,125.00,Aromas,,AR-ROSE,Capacidad,250 ML,1,1,,,,,,,
,variation,AR-ROSE-500,Aroma Rosé 500 ML,1,visible,,1,100,taxable,229.00,Aromas,,AR-ROSE,Capacidad,500 ML,1,1,,,,,,,
,variation,AR-ROSE-1L,Aroma Rosé 1 L,1,visible,,1,100,taxable,439.00,Aromas,,AR-ROSE,Capacidad,1 L,1,1,,,,,,,
,variable,AR-RUTA-AROMATICA,Aroma Ruta Aromática,1,visible,,1,,taxable,,Aromas,https://vaporis.pruebalucuma.site/wp-content/uploads/2026/06/ruta-aromatica.png,,Capacidad,"150 ML, 250 ML, 500 ML, 1 L",1,1,150 ML,"Limón verde, bergamota italiana",field_6a3739f9978a5,"Cedro, almizcle limpio",field_6a373a0b978a6,"Sándalo, ámbar amaderado",field_6a373a15978a7
,variation,AR-RUTA-AROMATICA-150,Aroma Ruta Aromática 150 ML,1,visible,,1,100,taxable,90.00,Aromas,,AR-RUTA-AROMATICA,Capacidad,150 ML,1,1,,,,,,,
,variation,AR-RUTA-AROMATICA-250,Aroma Ruta Aromática 250 ML,1,visible,,1,100,taxable,125.00,Aromas,,AR-RUTA-AROMATICA,Capacidad,250 ML,1,1,,,,,,,
,variation,AR-RUTA-AROMATICA-500,Aroma Ruta Aromática 500 ML,1,visible,,1,100,taxable,229.00,Aromas,,AR-RUTA-AROMATICA,Capacidad,500 ML,1,1,,,,,,,
,variation,AR-RUTA-AROMATICA-1L,Aroma Ruta Aromática 1 L,1,visible,,1,100,taxable,439.00,Aromas,,AR-RUTA-AROMATICA,Capacidad,1 L,1,1,,,,,,,
,variable,AR-SERENITY,Aroma Serenity,1,visible,,1,,taxable,,Aromas,https://vaporis.pruebalucuma.site/wp-content/uploads/2026/06/serenity.png,,Capacidad,"150 ML, 250 ML, 500 ML, 1 L",1,1,150 ML,"Albaricoque, manzana, ciruela",field_6a3739f9978a5,"Jazmín, violeta",field_6a373a0b978a6,"Roble leñoso, menta liviana",field_6a373a15978a7
,variation,AR-SERENITY-150,Aroma Serenity 150 ML,1,visible,,1,100,taxable,90.00,Aromas,,AR-SERENITY,Capacidad,150 ML,1,1,,,,,,,
,variation,AR-SERENITY-250,Aroma Serenity 250 ML,1,visible,,1,100,taxable,125.00,Aromas,,AR-SERENITY,Capacidad,250 ML,1,1,,,,,,,
,variation,AR-SERENITY-500,Aroma Serenity 500 ML,1,visible,,1,100,taxable,229.00,Aromas,,AR-SERENITY,Capacidad,500 ML,1,1,,,,,,,
,variation,AR-SERENITY-1L,Aroma Serenity 1 L,1,visible,,1,100,taxable,439.00,Aromas,,AR-SERENITY,Capacidad,1 L,1,1,,,,,,,
,variable,AR-SHEA,Aroma Shea,0,visible,,1,,taxable,,Aromas,,,Capacidad,"150 ML, 250 ML, 500 ML, 1 L",1,1,150 ML,"Manzana jugosa, frutos rojos",field_6a3739f9978a5,"Cacao cremoso, flores blancas",field_6a373a0b978a6,"Rosa damascena, vainilla suave",field_6a373a15978a7
,variation,AR-SHEA-150,Aroma Shea 150 ML,0,visible,,1,100,taxable,90.00,Aromas,,AR-SHEA,Capacidad,150 ML,1,1,,,,,,,
,variation,AR-SHEA-250,Aroma Shea 250 ML,0,visible,,1,100,taxable,125.00,Aromas,,AR-SHEA,Capacidad,250 ML,1,1,,,,,,,
,variation,AR-SHEA-500,Aroma Shea 500 ML,0,visible,,1,100,taxable,229.00,Aromas,,AR-SHEA,Capacidad,500 ML,1,1,,,,,,,
,variation,AR-SHEA-1L,Aroma Shea 1 L,0,visible,,1,100,taxable,439.00,Aromas,,AR-SHEA,Capacidad,1 L,1,1,,,,,,,
,variable,AR-SOFT-PEAR,Aroma Soft Pear,1,visible,,1,,taxable,,Aromas,https://vaporis.pruebalucuma.site/wp-content/uploads/2026/06/soft-pear.png,,Capacidad,"150 ML, 250 ML, 500 ML, 1 L",1,1,150 ML,"Pera madura, néctar de durazno",field_6a3739f9978a5,"Flor de azahar, jazmín",field_6a373a0b978a6,"Ámbar dorado, vainilla",field_6a373a15978a7
,variation,AR-SOFT-PEAR-150,Aroma Soft Pear 150 ML,1,visible,,1,100,taxable,90.00,Aromas,,AR-SOFT-PEAR,Capacidad,150 ML,1,1,,,,,,,
,variation,AR-SOFT-PEAR-250,Aroma Soft Pear 250 ML,1,visible,,1,100,taxable,125.00,Aromas,,AR-SOFT-PEAR,Capacidad,250 ML,1,1,,,,,,,
,variation,AR-SOFT-PEAR-500,Aroma Soft Pear 500 ML,1,visible,,1,100,taxable,229.00,Aromas,,AR-SOFT-PEAR,Capacidad,500 ML,1,1,,,,,,,
,variation,AR-SOFT-PEAR-1L,Aroma Soft Pear 1 L,1,visible,,1,100,taxable,439.00,Aromas,,AR-SOFT-PEAR,Capacidad,1 L,1,1,,,,,,,
,variable,AR-SUNNY,Aroma Sunny,1,visible,,1,,taxable,,Aromas,https://vaporis.pruebalucuma.site/wp-content/uploads/2026/06/sunny.png,,Capacidad,"150 ML, 250 ML, 500 ML, 1 L",1,1,150 ML,"Piña, limón siciliano",field_6a3739f9978a5,"Flor de tiaré, jazmín solar",field_6a373a0b978a6,"Vainilla tropical, coco",field_6a373a15978a7
,variation,AR-SUNNY-150,Aroma Sunny 150 ML,1,visible,,1,100,taxable,90.00,Aromas,,AR-SUNNY,Capacidad,150 ML,1,1,,,,,,,
,variation,AR-SUNNY-250,Aroma Sunny 250 ML,1,visible,,1,100,taxable,125.00,Aromas,,AR-SUNNY,Capacidad,250 ML,1,1,,,,,,,
,variation,AR-SUNNY-500,Aroma Sunny 500 ML,1,visible,,1,100,taxable,229.00,Aromas,,AR-SUNNY,Capacidad,500 ML,1,1,,,,,,,
,variation,AR-SUNNY-1L,Aroma Sunny 1 L,1,visible,,1,100,taxable,439.00,Aromas,,AR-SUNNY,Capacidad,1 L,1,1,,,,,,,
,variable,AR-SWEET-HARVEST,Aroma Sweet Harvest,1,visible,,1,,taxable,,Aromas,https://vaporis.pruebalucuma.site/wp-content/uploads/2026/06/sweet-harvest.png,,Capacidad,"150 ML, 250 ML, 500 ML, 1 L",1,1,150 ML,"Manzana roja, pera",field_6a3739f9978a5,"Canela, clavo de olor",field_6a373a0b978a6,"Vainilla, madera de cedro",field_6a373a15978a7
,variation,AR-SWEET-HARVEST-150,Aroma Sweet Harvest 150 ML,1,visible,,1,100,taxable,90.00,Aromas,,AR-SWEET-HARVEST,Capacidad,150 ML,1,1,,,,,,,
,variation,AR-SWEET-HARVEST-250,Aroma Sweet Harvest 250 ML,1,visible,,1,100,taxable,125.00,Aromas,,AR-SWEET-HARVEST,Capacidad,250 ML,1,1,,,,,,,
,variation,AR-SWEET-HARVEST-500,Aroma Sweet Harvest 500 ML,1,visible,,1,100,taxable,229.00,Aromas,,AR-SWEET-HARVEST,Capacidad,500 ML,1,1,,,,,,,
,variation,AR-SWEET-HARVEST-1L,Aroma Sweet Harvest 1 L,1,visible,,1,100,taxable,439.00,Aromas,,AR-SWEET-HARVEST,Capacidad,1 L,1,1,,,,,,,
,variable,AR-TE-SILVESTRE,Aroma Té Silvestre,1,visible,,1,,taxable,,Aromas,https://vaporis.pruebalucuma.site/wp-content/uploads/2026/06/te-silvestre.png,,Capacidad,"150 ML, 250 ML, 500 ML, 1 L",1,1,150 ML,"Hierba luisa fresca, lima verde",field_6a3739f9978a5,"Té verde, hojas de menta",field_6a373a0b978a6,"Musgo blanco, lavanda",field_6a373a15978a7
,variation,AR-TE-SILVESTRE-150,Aroma Té Silvestre 150 ML,1,visible,,1,100,taxable,90.00,Aromas,,AR-TE-SILVESTRE,Capacidad,150 ML,1,1,,,,,,,
,variation,AR-TE-SILVESTRE-250,Aroma Té Silvestre 250 ML,1,visible,,1,100,taxable,125.00,Aromas,,AR-TE-SILVESTRE,Capacidad,250 ML,1,1,,,,,,,
,variation,AR-TE-SILVESTRE-500,Aroma Té Silvestre 500 ML,1,visible,,1,100,taxable,229.00,Aromas,,AR-TE-SILVESTRE,Capacidad,500 ML,1,1,,,,,,,
,variation,AR-TE-SILVESTRE-1L,Aroma Té Silvestre 1 L,1,visible,,1,100,taxable,439.00,Aromas,,AR-TE-SILVESTRE,Capacidad,1 L,1,1,,,,,,,
,variable,AR-TROPICAL-FRUITS,Aroma Tropical Fruits,1,visible,,1,,taxable,,Aromas,https://vaporis.pruebalucuma.site/wp-content/uploads/2026/06/tropical-fruits.png,,Capacidad,"150 ML, 250 ML, 500 ML, 1 L",1,1,150 ML,"Granada jugosa, mango",field_6a3739f9978a5,"Flor de hibiscus, piña",field_6a373a0b978a6,"Ámbar dulce, vainilla",field_6a373a15978a7
,variation,AR-TROPICAL-FRUITS-150,Aroma Tropical Fruits 150 ML,1,visible,,1,100,taxable,90.00,Aromas,,AR-TROPICAL-FRUITS,Capacidad,150 ML,1,1,,,,,,,
,variation,AR-TROPICAL-FRUITS-250,Aroma Tropical Fruits 250 ML,1,visible,,1,100,taxable,125.00,Aromas,,AR-TROPICAL-FRUITS,Capacidad,250 ML,1,1,,,,,,,
,variation,AR-TROPICAL-FRUITS-500,Aroma Tropical Fruits 500 ML,1,visible,,1,100,taxable,229.00,Aromas,,AR-TROPICAL-FRUITS,Capacidad,500 ML,1,1,,,,,,,
,variation,AR-TROPICAL-FRUITS-1L,Aroma Tropical Fruits 1 L,1,visible,,1,100,taxable,439.00,Aromas,,AR-TROPICAL-FRUITS,Capacidad,1 L,1,1,,,,,,,
,variable,AR-URBAN-FIT,Aroma Urban Fit,1,visible,,1,,taxable,,Aromas,https://vaporis.pruebalucuma.site/wp-content/uploads/2026/06/urban-fit.png,,Capacidad,"150 ML, 250 ML, 500 ML, 1 L",1,1,150 ML,"Madera de roble, bergamota",field_6a3739f9978a5,"Notas acuáticos, especias",field_6a373a0b978a6,"Cedro blanco, almizcle",field_6a373a15978a7
,variation,AR-URBAN-FIT-150,Aroma Urban Fit 150 ML,1,visible,,1,100,taxable,90.00,Aromas,,AR-URBAN-FIT,Capacidad,150 ML,1,1,,,,,,,
,variation,AR-URBAN-FIT-250,Aroma Urban Fit 250 ML,1,visible,,1,100,taxable,125.00,Aromas,,AR-URBAN-FIT,Capacidad,250 ML,1,1,,,,,,,
,variation,AR-URBAN-FIT-500,Aroma Urban Fit 500 ML,1,visible,,1,100,taxable,229.00,Aromas,,AR-URBAN-FIT,Capacidad,500 ML,1,1,,,,,,,
,variation,AR-URBAN-FIT-1L,Aroma Urban Fit 1 L,1,visible,,1,100,taxable,439.00,Aromas,,AR-URBAN-FIT,Capacidad,1 L,1,1,,,,,,,
,variable,AR-VAINILLA-GLOW,Aroma Vainilla Glow,1,visible,,1,,taxable,,Aromas,https://vaporis.pruebalucuma.site/wp-content/uploads/2026/06/vainilla-glow.png,,Capacidad,"150 ML, 250 ML, 500 ML, 1 L",1,1,150 ML,"Vainilla, ralladura de naranja",field_6a3739f9978a5,"Caramelo suave, crema batida",field_6a373a0b978a6,"Madera cálida, azúcar moreno",field_6a373a15978a7
,variation,AR-VAINILLA-GLOW-150,Aroma Vainilla Glow 150 ML,1,visible,,1,100,taxable,90.00,Aromas,,AR-VAINILLA-GLOW,Capacidad,150 ML,1,1,,,,,,,
,variation,AR-VAINILLA-GLOW-250,Aroma Vainilla Glow 250 ML,1,visible,,1,100,taxable,125.00,Aromas,,AR-VAINILLA-GLOW,Capacidad,250 ML,1,1,,,,,,,
,variation,AR-VAINILLA-GLOW-500,Aroma Vainilla Glow 500 ML,1,visible,,1,100,taxable,229.00,Aromas,,AR-VAINILLA-GLOW,Capacidad,500 ML,1,1,,,,,,,
,variation,AR-VAINILLA-GLOW-1L,Aroma Vainilla Glow 1 L,1,visible,,1,100,taxable,439.00,Aromas,,AR-VAINILLA-GLOW,Capacidad,1 L,1,1,,,,,,,
,variable,AR-WHITE-TEA,Aroma White Tea,1,visible,,1,,taxable,,Aromas,https://vaporis.pruebalucuma.site/wp-content/uploads/2026/06/white-tea.png,,Capacidad,"150 ML, 250 ML, 500 ML, 1 L",1,1,150 ML,"Bergamota, hojas de té",field_6a3739f9978a5,"Flor de loto, jazmín",field_6a373a0b978a6,"Almizcle blanco, madera clara",field_6a373a15978a7
,variation,AR-WHITE-TEA-150,Aroma White Tea 150 ML,1,visible,,1,100,taxable,90.00,Aromas,,AR-WHITE-TEA,Capacidad,150 ML,1,1,,,,,,,
,variation,AR-WHITE-TEA-250,Aroma White Tea 250 ML,1,visible,,1,100,taxable,125.00,Aromas,,AR-WHITE-TEA,Capacidad,250 ML,1,1,,,,,,,
,variation,AR-WHITE-TEA-500,Aroma White Tea 500 ML,1,visible,,1,100,taxable,229.00,Aromas,,AR-WHITE-TEA,Capacidad,500 ML,1,1,,,,,,,
,variation,AR-WHITE-TEA-1L,Aroma White Tea 1 L,1,visible,,1,100,taxable,439.00,Aromas,,AR-WHITE-TEA,Capacidad,1 L,1,1,,,,,,,
,variable,AR-WILD-ADVENTURE,Aroma Wild Adventure,0,visible,,1,,taxable,,Aromas,,,Capacidad,"150 ML, 250 ML, 500 ML, 1 L",1,1,150 ML,"Lavanda, cáscara de limón",field_6a3739f9978a5,Acordes frescos verdes,field_6a373a0b978a6,"Ámbar seco, madera masculina",field_6a373a15978a7
,variation,AR-WILD-ADVENTURE-150,Aroma Wild Adventure 150 ML,0,visible,,1,100,taxable,90.00,Aromas,,AR-WILD-ADVENTURE,Capacidad,150 ML,1,1,,,,,,,
,variation,AR-WILD-ADVENTURE-250,Aroma Wild Adventure 250 ML,0,visible,,1,100,taxable,125.00,Aromas,,AR-WILD-ADVENTURE,Capacidad,250 ML,1,1,,,,,,,
,variation,AR-WILD-ADVENTURE-500,Aroma Wild Adventure 500 ML,0,visible,,1,100,taxable,229.00,Aromas,,AR-WILD-ADVENTURE,Capacidad,500 ML,1,1,,,,,,,
,variation,AR-WILD-ADVENTURE-1L,Aroma Wild Adventure 1 L,0,visible,,1,100,taxable,439.00,Aromas,,AR-WILD-ADVENTURE,Capacidad,1 L,1,1,,,,,,,
,variable,AR-CORAL,Aroma Coral,0,visible,,1,,taxable,,Aromas,https://vaporis.pruebalucuma.site/wp-content/uploads/2026/06/coral.png,,Capacidad,"150 ML, 250 ML, 500 ML, 1 L",1,1,150 ML,,,,,,
,variation,AR-CORAL-150,Aroma Coral 150 ML,0,visible,,1,100,taxable,,Aromas,,AR-CORAL,Capacidad,150 ML,1,1,,,,,,,
,variation,AR-CORAL-250,Aroma Coral 250 ML,0,visible,,1,100,taxable,,Aromas,,AR-CORAL,Capacidad,250 ML,1,1,,,,,,,
,variation,AR-CORAL-500,Aroma Coral 500 ML,0,visible,,1,100,taxable,,Aromas,,AR-CORAL,Capacidad,500 ML,1,1,,,,,,,
,variation,AR-CORAL-1L,Aroma Coral 1 L,0,visible,,1,100,taxable,,Aromas,,AR-CORAL,Capacidad,1 L,1,1,,,,,,,
,variable,AR-DULCE-BOUQUET,Aroma Dulce Bouquet,0,visible,,1,,taxable,,Aromas,https://vaporis.pruebalucuma.site/wp-content/uploads/2026/06/dulce-bouquet.png,,Capacidad,"150 ML, 250 ML, 500 ML, 1 L",1,1,150 ML,,,,,,
,variation,AR-DULCE-BOUQUET-150,Aroma Dulce Bouquet 150 ML,0,visible,,1,100,taxable,,Aromas,,AR-DULCE-BOUQUET,Capacidad,150 ML,1,1,,,,,,,
,variation,AR-DULCE-BOUQUET-250,Aroma Dulce Bouquet 250 ML,0,visible,,1,100,taxable,,Aromas,,AR-DULCE-BOUQUET,Capacidad,250 ML,1,1,,,,,,,
,variation,AR-DULCE-BOUQUET-500,Aroma Dulce Bouquet 500 ML,0,visible,,1,100,taxable,,Aromas,,AR-DULCE-BOUQUET,Capacidad,500 ML,1,1,,,,,,,
,variation,AR-DULCE-BOUQUET-1L,Aroma Dulce Bouquet 1 L,0,visible,,1,100,taxable,,Aromas,,AR-DULCE-BOUQUET,Capacidad,1 L,1,1,,,,,,,
,variable,AR-FRESCURA-ORIENTAL,Aroma Frescura Oriental,0,visible,,1,,taxable,,Aromas,https://vaporis.pruebalucuma.site/wp-content/uploads/2026/06/frescura-oriental.png,,Capacidad,"150 ML, 250 ML, 500 ML, 1 L",1,1,150 ML,,,,,,
,variation,AR-FRESCURA-ORIENTAL-150,Aroma Frescura Oriental 150 ML,0,visible,,1,100,taxable,,Aromas,,AR-FRESCURA-ORIENTAL,Capacidad,150 ML,1,1,,,,,,,
,variation,AR-FRESCURA-ORIENTAL-250,Aroma Frescura Oriental 250 ML,0,visible,,1,100,taxable,,Aromas,,AR-FRESCURA-ORIENTAL,Capacidad,250 ML,1,1,,,,,,,
,variation,AR-FRESCURA-ORIENTAL-500,Aroma Frescura Oriental 500 ML,0,visible,,1,100,taxable,,Aromas,,AR-FRESCURA-ORIENTAL,Capacidad,500 ML,1,1,,,,,,,
,variation,AR-FRESCURA-ORIENTAL-1L,Aroma Frescura Oriental 1 L,0,visible,,1,100,taxable,,Aromas,,AR-FRESCURA-ORIENTAL,Capacidad,1 L,1,1,,,,,,,
,variable,AR-HERBAL-PARADISE,Aroma Herbal Paradise,0,visible,,1,,taxable,,Aromas,https://vaporis.pruebalucuma.site/wp-content/uploads/2026/06/herbal-paradise.png,,Capacidad,"150 ML, 250 ML, 500 ML, 1 L",1,1,150 ML,,,,,,
,variation,AR-HERBAL-PARADISE-150,Aroma Herbal Paradise 150 ML,0,visible,,1,100,taxable,,Aromas,,AR-HERBAL-PARADISE,Capacidad,150 ML,1,1,,,,,,,
,variation,AR-HERBAL-PARADISE-250,Aroma Herbal Paradise 250 ML,0,visible,,1,100,taxable,,Aromas,,AR-HERBAL-PARADISE,Capacidad,250 ML,1,1,,,,,,,
,variation,AR-HERBAL-PARADISE-500,Aroma Herbal Paradise 500 ML,0,visible,,1,100,taxable,,Aromas,,AR-HERBAL-PARADISE,Capacidad,500 ML,1,1,,,,,,,
,variation,AR-HERBAL-PARADISE-1L,Aroma Herbal Paradise 1 L,0,visible,,1,100,taxable,,Aromas,,AR-HERBAL-PARADISE,Capacidad,1 L,1,1,,,,,,,
,variable,AR-NICE,Aroma Nice,0,visible,,1,,taxable,,Aromas,https://vaporis.pruebalucuma.site/wp-content/uploads/2026/06/nice.png,,Capacidad,"150 ML, 250 ML, 500 ML, 1 L",1,1,150 ML,,,,,,
,variation,AR-NICE-150,Aroma Nice 150 ML,0,visible,,1,100,taxable,,Aromas,,AR-NICE,Capacidad,150 ML,1,1,,,,,,,
,variation,AR-NICE-250,Aroma Nice 250 ML,0,visible,,1,100,taxable,,Aromas,,AR-NICE,Capacidad,250 ML,1,1,,,,,,,
,variation,AR-NICE-500,Aroma Nice 500 ML,0,visible,,1,100,taxable,,Aromas,,AR-NICE,Capacidad,500 ML,1,1,,,,,,,
,variation,AR-NICE-1L,Aroma Nice 1 L,0,visible,,1,100,taxable,,Aromas,,AR-NICE,Capacidad,1 L,1,1,,,,,,,
,variable,AR-OTONO,Aroma Otoño,0,visible,,1,,taxable,,Aromas,https://vaporis.pruebalucuma.site/wp-content/uploads/2026/06/otono.png,,Capacidad,"150 ML, 250 ML, 500 ML, 1 L",1,1,150 ML,,,,,,
,variation,AR-OTONO-150,Aroma Otoño 150 ML,0,visible,,1,100,taxable,,Aromas,,AR-OTONO,Capacidad,150 ML,1,1,,,,,,,
,variation,AR-OTONO-250,Aroma Otoño 250 ML,0,visible,,1,100,taxable,,Aromas,,AR-OTONO,Capacidad,250 ML,1,1,,,,,,,
,variation,AR-OTONO-500,Aroma Otoño 500 ML,0,visible,,1,100,taxable,,Aromas,,AR-OTONO,Capacidad,500 ML,1,1,,,,,,,
,variation,AR-OTONO-1L,Aroma Otoño 1 L,0,visible,,1,100,taxable,,Aromas,,AR-OTONO,Capacidad,1 L,1,1,,,,,,,
,variable,AR-VERSALLES,Aroma Versalles,0,visible,,1,,taxable,,Aromas,https://vaporis.pruebalucuma.site/wp-content/uploads/2026/06/versalles.png,,Capacidad,"150 ML, 250 ML, 500 ML, 1 L",1,1,150 ML,,,,,,
,variation,AR-VERSALLES-150,Aroma Versalles 150 ML,0,visible,,1,100,taxable,,Aromas,,AR-VERSALLES,Capacidad,150 ML,1,1,,,,,,,
,variation,AR-VERSALLES-250,Aroma Versalles 250 ML,0,visible,,1,100,taxable,,Aromas,,AR-VERSALLES,Capacidad,250 ML,1,1,,,,,,,
,variation,AR-VERSALLES-500,Aroma Versalles 500 ML,0,visible,,1,100,taxable,,Aromas,,AR-VERSALLES,Capacidad,500 ML,1,1,,,,,,,
,variation,AR-VERSALLES-1L,Aroma Versalles 1 L,0,visible,,1,100,taxable,,Aromas,,AR-VERSALLES,Capacidad,1 L,1,1,,,,,,,
