ID,Tipo,SKU,"GTIN, UPC, EAN o ISBN",Nombre,Publicado,"¿Está destacado?","Visibilidad en el catálogo","Descripción corta",Descripción,"Día en que empieza el precio rebajado","Día en que termina el precio rebajado","Estado del impuesto","Clase de impuesto",¿Existencias?,Inventario,"Cantidad de bajo inventario","¿Permitir reservas de productos agotados?","¿Vendido individualmente?","Peso (kg)","Longitud (cm)","Anchura (cm)","Altura (cm)","¿Permitir valoraciones de clientes?","Nota de compra","Precio rebajado","Precio normal",Categorías,Etiquetas,"Clase de envío",Imágenes,"Límite de descargas","Días de caducidad de la descarga",Superior,"Productos agrupados","Ventas dirigidas","Ventas cruzadas","URL externa","Texto del botón",Posición,Marcas,"Meta: difusor","Meta: _difusor","Meta: color","Meta: _color","Meta: cobertura","Meta: _cobertura","Meta: control","Meta: _control","Meta: app","Meta: _app","Meta: capacidad","Meta: _capacidad","Meta: cantidad_de_aroma_de_regalo","Meta: _cantidad_de_aroma_de_regalo","Nombre del atributo 1","Valor(es) del atributo 1","Atributo visible 1","Atributo global 1","Meta: notas_de_salida","Meta: _notas_de_salida","Meta: notas_de_corazon","Meta: _notas_de_corazon","Meta: notas_de_fondo","Meta: _notas_de_fondo"
211,simple,,,"Box aromático fragancia serena",1,0,visible,,,,,taxable,,1,,,0,0,,,,,1,,,310,Boxes,,,https://vaporis.pruebalucuma.site/wp-content/uploads/2026/06/Dif_ND140.png,,,,,,,,,0,,ND-140,field_6a1ecd9ec803e,White,field_6a1ecdadc803f,25,field_6a1ecdb7c8040,Bluetooth,field_6a1ecdbec8041,"Scent Marketing",field_6a1ece1dc8042,"100 mL",field_6a1ece49c8043,"150 mL",field_6a1eceecc8044,,,,,,,,,,
252,simple,,,"Box aromático Brisa interior",1,0,visible,,,,,taxable,,1,,,0,0,,,,,1,,,290,"Boxes, Espacios Íntimos",,,https://vaporis.pruebalucuma.site/wp-content/uploads/2026/04/Dif_ND120.png,,,,,,,,,0,,ND-120,field_6a1ecd9ec803e,White,field_6a1ecdadc803f,20,field_6a1ecdb7c8040,Bluetooth,field_6a1ecdbec8041,"Scent Marketing",field_6a1ece1dc8042,"60 mL",field_6a1ece49c8043,"150 mL",field_6a1eceecc8044,,,,,,,,,,
253,simple,,,"Box aromático Esencia sutil",1,0,visible,,,,,taxable,,1,,,0,0,,,,,1,,,400,Boxes,,,https://vaporis.pruebalucuma.site/wp-content/uploads/2026/06/Dif_ND160.png,,,,,,,,,0,,ND-160,field_6a1ecd9ec803e,White,field_6a1ecdadc803f,30,field_6a1ecdb7c8040,Bluetooth,field_6a1ecdbec8041,"Scent Marketing",field_6a1ece1dc8042,"150 mL",field_6a1ece49c8043,"150 mL",field_6a1eceecc8044,,,,,,,,,,
254,simple,,,"Box aromático Armonía interior",1,0,visible,,,,,taxable,,1,,,0,0,,,,,1,,,485,Boxes,,,https://vaporis.pruebalucuma.site/wp-content/uploads/2026/06/Dif_OV4.png,,,,,,,,,0,,OV-4,field_6a1ecd9ec803e,White,field_6a1ecdadc803f,50,field_6a1ecdb7c8040,Bluetooth,field_6a1ecdbec8041,"Scent Marketing",field_6a1ece1dc8042,"250 mL",field_6a1ece49c8043,"250 mL",field_6a1eceecc8044,,,,,,,,,,
255,simple,,,"Box aromático Exclusividad sensorial",1,0,visible,,,,,taxable,,1,,,0,0,,,,,1,,,629,Boxes,,,https://vaporis.pruebalucuma.site/wp-content/uploads/2026/06/Dif_OP3.png,,,,,,,,,0,,OP-3,field_6a1ecd9ec803e,Beige,field_6a1ecdadc803f,50,field_6a1ecdb7c8040,Bluetooth,field_6a1ecdbec8041,"Scent Marketing",field_6a1ece1dc8042,"120 mL",field_6a1ece49c8043,"150 mL",field_6a1eceecc8044,,,,,,,,,,
256,simple,,,"Box aromático Distinción sensorial",1,0,visible,,,,,taxable,,1,,,0,0,,,,,1,,,650,Boxes,,,https://vaporis.pruebalucuma.site/wp-content/uploads/2026/06/Dif_OP5.png,,,,,,,,,0,,OP-5,field_6a1ecd9ec803e,White,field_6a1ecdadc803f,60,field_6a1ecdb7c8040,Bluetooth,field_6a1ecdbec8041,"Scent Marketing",field_6a1ece1dc8042,"100 mL",field_6a1ece49c8043,"150 mL",field_6a1eceecc8044,,,,,,,,,,
257,simple,,,"Box aromático Esencia íntima",1,0,visible,,,,,taxable,,1,,,0,0,,,,,1,,,675,Boxes,,,https://vaporis.pruebalucuma.site/wp-content/uploads/2026/06/Dif_OV3.png,,,,,,,,,0,,OV-3,field_6a1ecd9ec803e,White,field_6a1ecdadc803f,90,field_6a1ecdb7c8040,Bluetooth,field_6a1ecdbec8041,Aroma-Link,field_6a1ece1dc8042,"300 mL",field_6a1ece49c8043,"250 mL",field_6a1eceecc8044,,,,,,,,,,
258,simple,,,"Box aromático Balance",1,0,visible,,,,,taxable,,1,,,0,0,,,,,1,,,675,Boxes,,,https://vaporis.pruebalucuma.site/wp-content/uploads/2026/06/Dif_OV6.png,,,,,,,,,0,,OV-6,field_6a1ecd9ec803e,White,field_6a1ecdadc803f,95,field_6a1ecdb7c8040,Bluetooth,field_6a1ecdbec8041,"Scent Marketing",field_6a1ece1dc8042,"400 mL",field_6a1ece49c8043,"150 mL",field_6a1eceecc8044,,,,,,,,,,
259,simple,,,"Box aromático Expansión esencial",1,0,visible,,,,,taxable,,1,,,0,0,,,,,1,,,975,Boxes,,,https://vaporis.pruebalucuma.site/wp-content/uploads/2026/06/Dif_OS6_Dif_OW030_OW010.png,,,,,,,,,0,,OS-6,field_6a1ecd9ec803e,Black,field_6a1ecdadc803f,300,field_6a1ecdb7c8040,Bluetooth,field_6a1ecdbec8041,Aroma-Link,field_6a1ece1dc8042,"200 mL",field_6a1ece49c8043,"250 mL",field_6a1eceecc8044,,,,,,,,,,
260,simple,,,"Box aromático Dominio Aromático",1,0,visible,,,,,taxable,,1,,,0,0,,,,,1,,,1105,"Boxes, Control Wi-Fi",,,https://vaporis.pruebalucuma.site/wp-content/uploads/2026/06/Dif_ND700_Dif_OS7-1.png,,,,,,,,,0,,ND-700,field_6a1ecd9ec803e,White,field_6a1ecdadc803f,200,field_6a1ecdb7c8040,Wifi,field_6a1ecdbec8041,"Scent Marketing",field_6a1ece1dc8042,"850 mL",field_6a1ece49c8043,"250 mL",field_6a1eceecc8044,,,,,,,,,,
261,simple,,,"Box aromático Experiencia suprema",1,0,visible,,,,,taxable,,1,,,0,0,,,,,1,,,1251,Boxes,,,https://vaporis.pruebalucuma.site/wp-content/uploads/2026/06/Dif_OS4WHITE_Dif_OS5WHITE_Dif_OW006WHITE.png,,,,,,,,,0,,OS-4,field_6a1ecd9ec803e,White,field_6a1ecdadc803f,400,field_6a1ecdb7c8040,Bluetooth,field_6a1ecdbec8041,"Scent Marketing",field_6a1ece1dc8042,"500 mL",field_6a1ece49c8043,"250 mL",field_6a1eceecc8044,,,,,,,,,,
262,simple,,,"Box aromático Proyección aromática",1,0,visible,,,,,taxable,,1,,,0,0,,,,,1,,,1445,"Boxes, Control Wi-Fi",,,https://vaporis.pruebalucuma.site/wp-content/uploads/2026/06/Dif_ND800.png,,,,,,,,,0,,ND-800,field_6a1ecd9ec803e,Black,field_6a1ecdadc803f,250,field_6a1ecdb7c8040,Wifi,field_6a1ecdbec8041,"Scent Marketing",field_6a1ece1dc8042,"500 mL",field_6a1ece49c8043,"250 mL",field_6a1eceecc8044,,,,,,,,,,
263,simple,,,"Box aromático Magnitud sensorial",1,0,visible,,,,,taxable,,1,,,0,0,,,,,1,,,1525,Boxes,,,https://vaporis.pruebalucuma.site/wp-content/uploads/2026/06/Dif_ND700_Dif_OS7-1.png,,,,,,,,,0,,OS-7,field_6a1ecd9ec803e,White,field_6a1ecdadc803f,600,field_6a1ecdb7c8040,Wifi,field_6a1ecdbec8041,"Scent Marketing",field_6a1ece1dc8042,"850 mL",field_6a1ece49c8043,"250 mL",field_6a1eceecc8044,,,,,,,,,,
264,simple,,,"Box aromático Presencia monumental",1,0,visible,,,,,taxable,,1,,,0,0,,,,,1,,,2145,Boxes,,,https://vaporis.pruebalucuma.site/wp-content/uploads/2026/06/Dif_OW020.png,,,,,,,,,0,,OW-020,field_6a1ecd9ec803e,Black,field_6a1ecdadc803f,1000,field_6a1ecdb7c8040,Bluetooth,field_6a1ecdbec8041,"Scent Marketing",field_6a1ece1dc8042,"1000 mL",field_6a1ece49c8043,"250 mL",field_6a1eceecc8044,,,,,,,,,,
265,simple,,,"Box aromático Alcance supremo",1,0,visible,,,,,taxable,,1,,,0,0,,,,,1,,,2625,Boxes,,,https://vaporis.pruebalucuma.site/wp-content/uploads/2026/06/Dif_OS6_Dif_OW030_OW010.png,,,,,,,,,0,,OW-030,field_6a1ecd9ec803e,Black,field_6a1ecdadc803f,1500,field_6a1ecdb7c8040,Bluetooth,field_6a1ecdbec8041,"Scent Marketing",field_6a1ece1dc8042,"1000 mL",field_6a1ece49c8043,"250 mL",field_6a1eceecc8044,,,,,,,,,,
312,variable,AR-AURA,,"Aroma Aura",1,0,visible,,,,,taxable,,1,,,0,0,,,,,1,,,,Aromas,,,https://vaporis.pruebalucuma.site/wp-content/uploads/2026/06/aura.png,,,,,,,,,0,,,,,,,,,,,,,,,,Capacidad,"1 L, 150 mL, 250 mL, 500 mL",1,1,"Durazno, pera jugosa",field_6a3739f9978a5,"Magnolia, flor de loto",field_6a373a0b978a6,"Vainilla, almizcle blanco",field_6a373a15978a7
313,variation,AR-AURA-150,,"Aroma Aura - 150 mL",1,0,visible,,,,,taxable,parent,1,100,,0,0,,,,,0,,,90.00,,,,,,,AR-AURA,,,,,,0,,,,,,,,,,,,,,,,Capacidad,"150 mL",,1,,,,,,
314,variation,AR-AURA-250,,"Aroma Aura - 250 mL",1,0,visible,,,,,taxable,parent,1,100,,0,0,,,,,0,,,125.00,,,,,,,AR-AURA,,,,,,0,,,,,,,,,,,,,,,,Capacidad,"250 mL",,1,,,,,,
315,variation,AR-AURA-500,,"Aroma Aura - 500 mL",1,0,visible,,,,,taxable,parent,1,100,,0,0,,,,,0,,,229.00,,,,,,,AR-AURA,,,,,,0,,,,,,,,,,,,,,,,Capacidad,"500 mL",,1,,,,,,
316,variation,AR-AURA-1L,,"Aroma Aura - 1 L",1,0,visible,,,,,taxable,parent,1,100,,0,0,,,,,0,,,439.00,,,,,,,AR-AURA,,,,,,0,,,,,,,,,,,,,,,,Capacidad,"1 L",,1,,,,,,
466,variable,AR-BLOSSOM,,"Aroma Blossom",1,0,visible,,,,,taxable,,1,,,0,0,,,,,1,,,,Aromas,,,https://vaporis.pruebalucuma.site/wp-content/uploads/2026/06/blossom.png,,,,,,,,,0,,,,,,,,,,,,,,,,Capacidad,"1 L, 150 mL, 250 mL, 500 mL",1,1,"Frutas, cereza dulce",field_6a3739f9978a5,"Flores rosadas",field_6a373a0b978a6,"Almizcle, azucar floral",field_6a373a15978a7
467,variable,AR-CANELITA,,"Aroma Canelita",1,0,visible,,,,,taxable,,1,,,0,0,,,,,1,,,,Aromas,,,https://vaporis.pruebalucuma.site/wp-content/uploads/2026/06/canelita.png,,,,,,,,,0,,,,,,,,,,,,,,,,Capacidad,"1 L, 150 mL, 250 mL, 500 mL",1,1,"Canela cálida, clavo de olor",field_6a3739f9978a5,"Nuez moscada, jengibre suave",field_6a373a0b978a6,"Azúcar morena, vainilla",field_6a373a15978a7
468,variable,AR-CARMESI,,"Aroma Carmesí",1,0,visible,,,,,taxable,,1,,,0,0,,,,,1,,,,Aromas,,,https://vaporis.pruebalucuma.site/wp-content/uploads/2026/06/carmesi.png,,,,,,,,,0,,,,,,,,,,,,,,,,Capacidad,"1 L, 150 mL, 250 mL, 500 mL",1,1,"Grosella negra, frutos del bosque",field_6a3739f9978a5,"Peonía, flor de cerezo",field_6a373a0b978a6,"Ámbar rojo, musk sensual",field_6a373a15978a7
469,variable,AR-CITRUS-BLOOM,,"Aroma Citrus Bloom",1,0,visible,,,,,taxable,,1,,,0,0,,,,,1,,,,Aromas,,,https://vaporis.pruebalucuma.site/wp-content/uploads/2026/06/citrus-bloom.png,,,,,,,,,0,,,,,,,,,,,,,,,,Capacidad,"1 L, 150 mL, 250 mL, 500 mL",1,1,"Limón, hierbas aromáticas",field_6a3739f9978a5,"Flores silvestres, hoja verde",field_6a373a0b978a6,"Almizcle, madera clara",field_6a373a15978a7
470,variable,AR-CLASSIC-BLUE,,"Aroma Classic Blue",1,0,visible,,,,,taxable,,1,,,0,0,,,,,1,,,,Aromas,,,https://vaporis.pruebalucuma.site/wp-content/uploads/2026/06/classic-blue.png,,,,,,,,,0,,,,,,,,,,,,,,,,Capacidad,"1 L, 150 mL, 250 mL, 500 mL",1,1,"Limón siciliano, mandarina",field_6a3739f9978a5,"Cedro virgeniano, vetiver",field_6a373a0b978a6,"Madera seca, almizcle",field_6a373a15978a7
471,variation,AR-BLOSSOM-150,,"Aroma Blossom - 150 mL",1,0,visible,,,,,taxable,parent,1,100,,0,0,,,,,0,,,90.00,,,,,,,AR-BLOSSOM,,,,,,0,,,,,,,,,,,,,,,,Capacidad,"150 mL",,1,,,,,,
472,variation,AR-BLOSSOM-250,,"Aroma Blossom - 250 mL",1,0,visible,,,,,taxable,parent,1,100,,0,0,,,,,0,,,125.00,,,,,,,AR-BLOSSOM,,,,,,0,,,,,,,,,,,,,,,,Capacidad,"250 mL",,1,,,,,,
473,variation,AR-BLOSSOM-500,,"Aroma Blossom - 500 mL",1,0,visible,,,,,taxable,parent,1,100,,0,0,,,,,0,,,229.00,,,,,,,AR-BLOSSOM,,,,,,0,,,,,,,,,,,,,,,,Capacidad,"500 mL",,1,,,,,,
474,variation,AR-BLOSSOM-1L,,"Aroma Blossom - 1 L",1,0,visible,,,,,taxable,parent,1,100,,0,0,,,,,0,,,439.00,,,,,,,AR-BLOSSOM,,,,,,0,,,,,,,,,,,,,,,,Capacidad,"1 L",,1,,,,,,
475,variation,AR-CANELITA-150,,"Aroma Canelita - 150 mL",1,0,visible,,,,,taxable,parent,1,100,,0,0,,,,,0,,,90.00,,,,,,,AR-CANELITA,,,,,,0,,,,,,,,,,,,,,,,Capacidad,"150 mL",,1,,,,,,
476,variation,AR-CANELITA-250,,"Aroma Canelita - 250 mL",1,0,visible,,,,,taxable,parent,1,100,,0,0,,,,,0,,,125.00,,,,,,,AR-CANELITA,,,,,,0,,,,,,,,,,,,,,,,Capacidad,"250 mL",,1,,,,,,
477,variation,AR-CANELITA-500,,"Aroma Canelita - 500 mL",1,0,visible,,,,,taxable,parent,1,100,,0,0,,,,,0,,,229.00,,,,,,,AR-CANELITA,,,,,,0,,,,,,,,,,,,,,,,Capacidad,"500 mL",,1,,,,,,
478,variation,AR-CANELITA-1L,,"Aroma Canelita - 1 L",1,0,visible,,,,,taxable,parent,1,100,,0,0,,,,,0,,,439.00,,,,,,,AR-CANELITA,,,,,,0,,,,,,,,,,,,,,,,Capacidad,"1 L",,1,,,,,,
479,variation,AR-CARMESI-150,,"Aroma Carmesí - 150 mL",1,0,visible,,,,,taxable,parent,1,100,,0,0,,,,,0,,,90.00,,,,,,,AR-CARMESI,,,,,,0,,,,,,,,,,,,,,,,Capacidad,"150 mL",,1,,,,,,
480,variation,AR-CARMESI-250,,"Aroma Carmesí - 250 mL",1,0,visible,,,,,taxable,parent,1,100,,0,0,,,,,0,,,125.00,,,,,,,AR-CARMESI,,,,,,0,,,,,,,,,,,,,,,,Capacidad,"250 mL",,1,,,,,,
481,variation,AR-CARMESI-500,,"Aroma Carmesí - 500 mL",1,0,visible,,,,,taxable,parent,1,100,,0,0,,,,,0,,,229.00,,,,,,,AR-CARMESI,,,,,,0,,,,,,,,,,,,,,,,Capacidad,"500 mL",,1,,,,,,
482,variation,AR-CARMESI-1L,,"Aroma Carmesí - 1 L",1,0,visible,,,,,taxable,parent,1,100,,0,0,,,,,0,,,439.00,,,,,,,AR-CARMESI,,,,,,0,,,,,,,,,,,,,,,,Capacidad,"1 L",,1,,,,,,
483,variation,AR-CITRUS-BLOOM-150,,"Aroma Citrus Bloom - 150 mL",1,0,visible,,,,,taxable,parent,1,100,,0,0,,,,,0,,,90.00,,,,,,,AR-CITRUS-BLOOM,,,,,,0,,,,,,,,,,,,,,,,Capacidad,"150 mL",,1,,,,,,
484,variation,AR-CITRUS-BLOOM-250,,"Aroma Citrus Bloom - 250 mL",1,0,visible,,,,,taxable,parent,1,100,,0,0,,,,,0,,,125.00,,,,,,,AR-CITRUS-BLOOM,,,,,,0,,,,,,,,,,,,,,,,Capacidad,"250 mL",,1,,,,,,
485,variation,AR-CITRUS-BLOOM-500,,"Aroma Citrus Bloom - 500 mL",1,0,visible,,,,,taxable,parent,1,100,,0,0,,,,,0,,,229.00,,,,,,,AR-CITRUS-BLOOM,,,,,,0,,,,,,,,,,,,,,,,Capacidad,"500 mL",,1,,,,,,
486,variation,AR-CITRUS-BLOOM-1L,,"Aroma Citrus Bloom - 1 L",1,0,visible,,,,,taxable,parent,1,100,,0,0,,,,,0,,,439.00,,,,,,,AR-CITRUS-BLOOM,,,,,,0,,,,,,,,,,,,,,,,Capacidad,"1 L",,1,,,,,,
487,variation,AR-CLASSIC-BLUE-150,,"Aroma Classic Blue - 150 mL",1,0,visible,,,,,taxable,parent,1,100,,0,0,,,,,0,,,90.00,,,,,,,AR-CLASSIC-BLUE,,,,,,0,,,,,,,,,,,,,,,,Capacidad,"150 mL",,1,,,,,,
488,variation,AR-CLASSIC-BLUE-250,,"Aroma Classic Blue - 250 mL",1,0,visible,,,,,taxable,parent,1,100,,0,0,,,,,0,,,125.00,,,,,,,AR-CLASSIC-BLUE,,,,,,0,,,,,,,,,,,,,,,,Capacidad,"250 mL",,1,,,,,,
489,variation,AR-CLASSIC-BLUE-500,,"Aroma Classic Blue - 500 mL",1,0,visible,,,,,taxable,parent,1,100,,0,0,,,,,0,,,229.00,,,,,,,AR-CLASSIC-BLUE,,,,,,0,,,,,,,,,,,,,,,,Capacidad,"500 mL",,1,,,,,,
490,variation,AR-CLASSIC-BLUE-1L,,"Aroma Classic Blue - 1 L",1,0,visible,,,,,taxable,parent,1,100,,0,0,,,,,0,,,439.00,,,,,,,AR-CLASSIC-BLUE,,,,,,0,,,,,,,,,,,,,,,,Capacidad,"1 L",,1,,,,,,
491,variable,AR-COCO-ZEN,,"Aroma Coco Zen",1,0,visible,,,,,taxable,,1,,,0,0,,,,,1,,,,Aromas,,,https://vaporis.pruebalucuma.site/wp-content/uploads/2026/06/coco-zen.png,,,,,,,,,0,,,,,,,,,,,,,,,,Capacidad,"1 L, 150 mL, 250 mL, 500 mL",1,1,"Coco cremoso, almendra tostada",field_6a3739f9978a5,"Leche de vainilla, heliotropo",field_6a373a0b978a6,"Sándalo, azúcar de coco",field_6a373a15978a7
492,variable,AR-COOKIE-FOREST,,"Aroma Cookie Forest",1,0,visible,,,,,taxable,,1,,,0,0,,,,,1,,,,Aromas,,,https://vaporis.pruebalucuma.site/wp-content/uploads/2026/06/cookie-forest.png,,,,,,,,,0,,,,,,,,,,,,,,,,Capacidad,"1 L, 150 mL, 250 mL, 500 mL",1,1,"Caramelo cremoso, azúcar",field_6a3739f9978a5,"Galleta de vainilla, nuez",field_6a373a0b978a6,"Madera dulce, leche caliente",field_6a373a15978a7
493,variable,AR-CORTEZA,,"Aroma Corteza",1,0,visible,,,,,taxable,,1,,,0,0,,,,,1,,,,Aromas,,,https://vaporis.pruebalucuma.site/wp-content/uploads/2026/06/corteza.png,,,,,,,,,0,,,,,,,,,,,,,,,,Capacidad,"1 L, 150 mL, 250 mL, 500 mL",1,1,"Frutas acuáticas, ozono limpio",field_6a3739f9978a5,"Notas marinas, pomelo rosado",field_6a373a0b978a6,"Vetiver, madera flotante",field_6a373a15978a7
494,variable,AR-DARK-MOTION,,"Aroma Dark Motion",1,0,visible,,,,,taxable,,1,,,0,0,,,,,1,,,,Aromas,,,https://vaporis.pruebalucuma.site/wp-content/uploads/2026/06/dark-motion.png,,,,,,,,,0,,,,,,,,,,,,,,,,Capacidad,"1 L, 150 mL, 250 mL, 500 mL",1,1,"Cuero negro, pimienta rosa",field_6a3739f9978a5,"Madera ahumada, incienso",field_6a373a0b978a6,"Ámbar oscuro, pachuli intenso",field_6a373a15978a7
495,variable,AR-DELICIA,,"Aroma Delicia",1,0,visible,,,,,taxable,,1,,,0,0,,,,,1,,,,Aromas,,,https://vaporis.pruebalucuma.site/wp-content/uploads/2026/06/Delicia.png,,,,,,,,,0,,,,,,,,,,,,,,,,Capacidad,"1 L, 150 mL, 250 mL, 500 mL",1,1,"Pera fresca, manzana verde",field_6a3739f9978a5,"Flor blanca, hojas verdes",field_6a373a0b978a6,"Ámbar suave, almizcle",field_6a373a15978a7
496,variable,AR-DREAM-LOVE,,"Aroma Dream Love",1,0,visible,,,,,taxable,,1,,,0,0,,,,,1,,,,Aromas,,,https://vaporis.pruebalucuma.site/wp-content/uploads/2026/06/dream-love.png,,,,,,,,,0,,,,,,,,,,,,,,,,Capacidad,"1 L, 150 mL, 250 mL, 500 mL",1,1,"Cedro rosado, flor de naranjo",field_6a3739f9978a5,"Almizcle, rosa antigua",field_6a373a0b978a6,"Bois de rose, ámbar cálido",field_6a373a15978a7
497,variation,AR-COCO-ZEN-150,,"Aroma Coco Zen - 150 mL",1,0,visible,,,,,taxable,parent,1,100,,0,0,,,,,0,,,90.00,,,,,,,AR-COCO-ZEN,,,,,,0,,,,,,,,,,,,,,,,Capacidad,"150 mL",,1,,,,,,
498,variation,AR-COCO-ZEN-250,,"Aroma Coco Zen - 250 mL",1,0,visible,,,,,taxable,parent,1,100,,0,0,,,,,0,,,125.00,,,,,,,AR-COCO-ZEN,,,,,,0,,,,,,,,,,,,,,,,Capacidad,"250 mL",,1,,,,,,
499,variation,AR-COCO-ZEN-500,,"Aroma Coco Zen - 500 mL",1,0,visible,,,,,taxable,parent,1,100,,0,0,,,,,0,,,229.00,,,,,,,AR-COCO-ZEN,,,,,,0,,,,,,,,,,,,,,,,Capacidad,"500 mL",,1,,,,,,
500,variation,AR-COCO-ZEN-1L,,"Aroma Coco Zen - 1 L",1,0,visible,,,,,taxable,parent,1,100,,0,0,,,,,0,,,439.00,,,,,,,AR-COCO-ZEN,,,,,,0,,,,,,,,,,,,,,,,Capacidad,"1 L",,1,,,,,,
501,variation,AR-COOKIE-FOREST-150,,"Aroma Cookie Forest - 150 mL",1,0,visible,,,,,taxable,parent,1,100,,0,0,,,,,0,,,90.00,,,,,,,AR-COOKIE-FOREST,,,,,,0,,,,,,,,,,,,,,,,Capacidad,"150 mL",,1,,,,,,
502,variation,AR-COOKIE-FOREST-250,,"Aroma Cookie Forest - 250 mL",1,0,visible,,,,,taxable,parent,1,100,,0,0,,,,,0,,,125.00,,,,,,,AR-COOKIE-FOREST,,,,,,0,,,,,,,,,,,,,,,,Capacidad,"250 mL",,1,,,,,,
503,variation,AR-COOKIE-FOREST-500,,"Aroma Cookie Forest - 500 mL",1,0,visible,,,,,taxable,parent,1,100,,0,0,,,,,0,,,229.00,,,,,,,AR-COOKIE-FOREST,,,,,,0,,,,,,,,,,,,,,,,Capacidad,"500 mL",,1,,,,,,
504,variation,AR-COOKIE-FOREST-1L,,"Aroma Cookie Forest - 1 L",1,0,visible,,,,,taxable,parent,1,100,,0,0,,,,,0,,,439.00,,,,,,,AR-COOKIE-FOREST,,,,,,0,,,,,,,,,,,,,,,,Capacidad,"1 L",,1,,,,,,
505,variation,AR-CORTEZA-150,,"Aroma Corteza - 150 mL",1,0,visible,,,,,taxable,parent,1,100,,0,0,,,,,0,,,90.00,,,,,,,AR-CORTEZA,,,,,,0,,,,,,,,,,,,,,,,Capacidad,"150 mL",,1,,,,,,
506,variation,AR-CORTEZA-250,,"Aroma Corteza - 250 mL",1,0,visible,,,,,taxable,parent,1,100,,0,0,,,,,0,,,125.00,,,,,,,AR-CORTEZA,,,,,,0,,,,,,,,,,,,,,,,Capacidad,"250 mL",,1,,,,,,
507,variation,AR-CORTEZA-500,,"Aroma Corteza - 500 mL",1,0,visible,,,,,taxable,parent,1,100,,0,0,,,,,0,,,229.00,,,,,,,AR-CORTEZA,,,,,,0,,,,,,,,,,,,,,,,Capacidad,"500 mL",,1,,,,,,
508,variation,AR-CORTEZA-1L,,"Aroma Corteza - 1 L",1,0,visible,,,,,taxable,parent,1,100,,0,0,,,,,0,,,439.00,,,,,,,AR-CORTEZA,,,,,,0,,,,,,,,,,,,,,,,Capacidad,"1 L",,1,,,,,,
509,variation,AR-DARK-MOTION-150,,"Aroma Dark Motion - 150 mL",1,0,visible,,,,,taxable,parent,1,100,,0,0,,,,,0,,,90.00,,,,,,,AR-DARK-MOTION,,,,,,0,,,,,,,,,,,,,,,,Capacidad,"150 mL",,1,,,,,,
510,variation,AR-DARK-MOTION-250,,"Aroma Dark Motion - 250 mL",1,0,visible,,,,,taxable,parent,1,100,,0,0,,,,,0,,,125.00,,,,,,,AR-DARK-MOTION,,,,,,0,,,,,,,,,,,,,,,,Capacidad,"250 mL",,1,,,,,,
511,variation,AR-DARK-MOTION-500,,"Aroma Dark Motion - 500 mL",1,0,visible,,,,,taxable,parent,1,100,,0,0,,,,,0,,,229.00,,,,,,,AR-DARK-MOTION,,,,,,0,,,,,,,,,,,,,,,,Capacidad,"500 mL",,1,,,,,,
512,variation,AR-DARK-MOTION-1L,,"Aroma Dark Motion - 1 L",1,0,visible,,,,,taxable,parent,1,100,,0,0,,,,,0,,,439.00,,,,,,,AR-DARK-MOTION,,,,,,0,,,,,,,,,,,,,,,,Capacidad,"1 L",,1,,,,,,
513,variation,AR-DELICIA-150,,"Aroma Delicia - 150 mL",1,0,visible,,,,,taxable,parent,1,100,,0,0,,,,,0,,,90.00,,,,,,,AR-DELICIA,,,,,,0,,,,,,,,,,,,,,,,Capacidad,"150 mL",,1,,,,,,
514,variation,AR-DELICIA-250,,"Aroma Delicia - 250 mL",1,0,visible,,,,,taxable,parent,1,100,,0,0,,,,,0,,,125.00,,,,,,,AR-DELICIA,,,,,,0,,,,,,,,,,,,,,,,Capacidad,"250 mL",,1,,,,,,
515,variation,AR-DELICIA-500,,"Aroma Delicia - 500 mL",1,0,visible,,,,,taxable,parent,1,100,,0,0,,,,,0,,,229.00,,,,,,,AR-DELICIA,,,,,,0,,,,,,,,,,,,,,,,Capacidad,"500 mL",,1,,,,,,
516,variation,AR-DELICIA-1L,,"Aroma Delicia - 1 L",1,0,visible,,,,,taxable,parent,1,100,,0,0,,,,,0,,,439.00,,,,,,,AR-DELICIA,,,,,,0,,,,,,,,,,,,,,,,Capacidad,"1 L",,1,,,,,,
517,variation,AR-DREAM-LOVE-150,,"Aroma Dream Love - 150 mL",1,0,visible,,,,,taxable,parent,1,100,,0,0,,,,,0,,,90.00,,,,,,,AR-DREAM-LOVE,,,,,,0,,,,,,,,,,,,,,,,Capacidad,"150 mL",,1,,,,,,
518,variation,AR-DREAM-LOVE-250,,"Aroma Dream Love - 250 mL",1,0,visible,,,,,taxable,parent,1,100,,0,0,,,,,0,,,125.00,,,,,,,AR-DREAM-LOVE,,,,,,0,,,,,,,,,,,,,,,,Capacidad,"250 mL",,1,,,,,,
519,variation,AR-DREAM-LOVE-500,,"Aroma Dream Love - 500 mL",1,0,visible,,,,,taxable,parent,1,100,,0,0,,,,,0,,,229.00,,,,,,,AR-DREAM-LOVE,,,,,,0,,,,,,,,,,,,,,,,Capacidad,"500 mL",,1,,,,,,
520,variation,AR-DREAM-LOVE-1L,,"Aroma Dream Love - 1 L",1,0,visible,,,,,taxable,parent,1,100,,0,0,,,,,0,,,439.00,,,,,,,AR-DREAM-LOVE,,,,,,0,,,,,,,,,,,,,,,,Capacidad,"1 L",,1,,,,,,
521,variable,AR-DULCE-ESTACION,,"Aroma Dulce Estación",1,0,visible,,,,,taxable,,1,,,0,0,,,,,1,,,,Aromas,,,https://vaporis.pruebalucuma.site/wp-content/uploads/2026/06/dulce-estacion.png,,,,,,,,,0,,,,,,,,,,,,,,,,Capacidad,"1 L, 150 mL, 250 mL, 500 mL",1,1,"Durazno maduro, frutos rojos",field_6a3739f9978a5,"Crema batida, flor de vainilla",field_6a373a0b978a6,"Madera suave, almizcle",field_6a373a15978a7
522,variable,AR-FLORAL-BREEZE,,"Aroma Floral Breeze",1,0,visible,,,,,taxable,,1,,,0,0,,,,,1,,,,Aromas,,,https://vaporis.pruebalucuma.site/wp-content/uploads/2026/06/floral-breeze.png,,,,,,,,,0,,,,,,,,,,,,,,,,Capacidad,"1 L, 150 mL, 250 mL, 500 mL",1,1,"Lirio del valle, mandarina",field_6a3739f9978a5,"Rosa silvestre, gardenia",field_6a373a0b978a6,"Almizcle, madera de ámbar",field_6a373a15978a7
523,variable,AR-FRESH,,"Aroma Fresh",0,0,visible,,,,,taxable,,1,,,0,0,,,,,1,,,,Aromas,,,,,,,,,,,,0,,,,,,,,,,,,,,,,Capacidad,"1 L, 150 mL, 250 mL, 500 mL",1,1,"Brisa marina",field_6a3739f9978a5,"Madera clara, hoja fresca",field_6a373a0b978a6,"Ambar ligero, almizcle",field_6a373a15978a7
524,variable,AR-GLAMOUR,,"Aroma Glamour",1,0,visible,,,,,taxable,,1,,,0,0,,,,,1,,,,Aromas,,,https://vaporis.pruebalucuma.site/wp-content/uploads/2026/06/glamour.png,,,,,,,,,0,,,,,,,,,,,,,,,,Capacidad,"1 L, 150 mL, 250 mL, 500 mL",1,1,"Cereza negra, pimienta rosa",field_6a3739f9978a5,"Violeta, flor de naranjo",field_6a373a0b978a6,"Vainilla intensa, pachulí",field_6a373a15978a7
525,variable,AR-GOLDEN,,"Aroma Golden",1,0,visible,,,,,taxable,,1,,,0,0,,,,,1,,,,Aromas,,,https://vaporis.pruebalucuma.site/wp-content/uploads/2026/06/golden.png,,,,,,,,,0,,,,,,,,,,,,,,,,Capacidad,"1 L, 150 mL, 250 mL, 500 mL",1,1,"Cítricos, flor de azahar",field_6a3739f9978a5,"Jazmín, lirio del valle",field_6a373a0b978a6,"Almizcle blanco, ámbar dorado",field_6a373a15978a7
526,variable,AR-HONEY,,"Aroma Honey",1,0,visible,,,,,taxable,,1,,,0,0,,,,,1,,,,Aromas,,,https://vaporis.pruebalucuma.site/wp-content/uploads/2026/06/honey.png,,,,,,,,,0,,,,,,,,,,,,,,,,Capacidad,"1 L, 150 mL, 250 mL, 500 mL",1,1,"Néctar, flores, miel dorada",field_6a3739f9978a5,"Flores suaves",field_6a373a0b978a6,"Vainilla tibia, madera dulce",field_6a373a15978a7
527,variation,AR-DULCE-ESTACION-150,,"Aroma Dulce Estación - 150 mL",1,0,visible,,,,,taxable,parent,1,100,,0,0,,,,,0,,,90.00,,,,,,,AR-DULCE-ESTACION,,,,,,0,,,,,,,,,,,,,,,,Capacidad,"150 mL",,1,,,,,,
528,variation,AR-DULCE-ESTACION-250,,"Aroma Dulce Estación - 250 mL",1,0,visible,,,,,taxable,parent,1,100,,0,0,,,,,0,,,125.00,,,,,,,AR-DULCE-ESTACION,,,,,,0,,,,,,,,,,,,,,,,Capacidad,"250 mL",,1,,,,,,
529,variation,AR-DULCE-ESTACION-500,,"Aroma Dulce Estación - 500 mL",1,0,visible,,,,,taxable,parent,1,100,,0,0,,,,,0,,,229.00,,,,,,,AR-DULCE-ESTACION,,,,,,0,,,,,,,,,,,,,,,,Capacidad,"500 mL",,1,,,,,,
530,variation,AR-DULCE-ESTACION-1L,,"Aroma Dulce Estación - 1 L",1,0,visible,,,,,taxable,parent,1,100,,0,0,,,,,0,,,439.00,,,,,,,AR-DULCE-ESTACION,,,,,,0,,,,,,,,,,,,,,,,Capacidad,"1 L",,1,,,,,,
531,variation,AR-FLORAL-BREEZE-150,,"Aroma Floral Breeze - 150 mL",1,0,visible,,,,,taxable,parent,1,100,,0,0,,,,,0,,,90.00,,,,,,,AR-FLORAL-BREEZE,,,,,,0,,,,,,,,,,,,,,,,Capacidad,"150 mL",,1,,,,,,
532,variation,AR-FLORAL-BREEZE-250,,"Aroma Floral Breeze - 250 mL",1,0,visible,,,,,taxable,parent,1,100,,0,0,,,,,0,,,125.00,,,,,,,AR-FLORAL-BREEZE,,,,,,0,,,,,,,,,,,,,,,,Capacidad,"250 mL",,1,,,,,,
533,variation,AR-FLORAL-BREEZE-500,,"Aroma Floral Breeze - 500 mL",1,0,visible,,,,,taxable,parent,1,100,,0,0,,,,,0,,,229.00,,,,,,,AR-FLORAL-BREEZE,,,,,,0,,,,,,,,,,,,,,,,Capacidad,"500 mL",,1,,,,,,
534,variation,AR-FLORAL-BREEZE-1L,,"Aroma Floral Breeze - 1 L",1,0,visible,,,,,taxable,parent,1,100,,0,0,,,,,0,,,439.00,,,,,,,AR-FLORAL-BREEZE,,,,,,0,,,,,,,,,,,,,,,,Capacidad,"1 L",,1,,,,,,
535,variation,AR-FRESH-150,,"Aroma Fresh - 150 mL",0,0,visible,,,,,taxable,parent,1,100,,0,0,,,,,0,,,90.00,,,,,,,AR-FRESH,,,,,,0,,,,,,,,,,,,,,,,Capacidad,"150 mL",,1,,,,,,
536,variation,AR-FRESH-250,,"Aroma Fresh - 250 mL",0,0,visible,,,,,taxable,parent,1,100,,0,0,,,,,0,,,125.00,,,,,,,AR-FRESH,,,,,,0,,,,,,,,,,,,,,,,Capacidad,"250 mL",,1,,,,,,
537,variation,AR-FRESH-500,,"Aroma Fresh - 500 mL",0,0,visible,,,,,taxable,parent,1,100,,0,0,,,,,0,,,229.00,,,,,,,AR-FRESH,,,,,,0,,,,,,,,,,,,,,,,Capacidad,"500 mL",,1,,,,,,
538,variation,AR-FRESH-1L,,"Aroma Fresh - 1 L",0,0,visible,,,,,taxable,parent,1,100,,0,0,,,,,0,,,439.00,,,,,,,AR-FRESH,,,,,,0,,,,,,,,,,,,,,,,Capacidad,"1 L",,1,,,,,,
539,variation,AR-GLAMOUR-150,,"Aroma Glamour - 150 mL",1,0,visible,,,,,taxable,parent,1,100,,0,0,,,,,0,,,90.00,,,,,,,AR-GLAMOUR,,,,,,0,,,,,,,,,,,,,,,,Capacidad,"150 mL",,1,,,,,,
540,variation,AR-GLAMOUR-250,,"Aroma Glamour - 250 mL",1,0,visible,,,,,taxable,parent,1,100,,0,0,,,,,0,,,125.00,,,,,,,AR-GLAMOUR,,,,,,0,,,,,,,,,,,,,,,,Capacidad,"250 mL",,1,,,,,,
541,variation,AR-GLAMOUR-500,,"Aroma Glamour - 500 mL",1,0,visible,,,,,taxable,parent,1,100,,0,0,,,,,0,,,229.00,,,,,,,AR-GLAMOUR,,,,,,0,,,,,,,,,,,,,,,,Capacidad,"500 mL",,1,,,,,,
542,variation,AR-GLAMOUR-1L,,"Aroma Glamour - 1 L",1,0,visible,,,,,taxable,parent,1,100,,0,0,,,,,0,,,439.00,,,,,,,AR-GLAMOUR,,,,,,0,,,,,,,,,,,,,,,,Capacidad,"1 L",,1,,,,,,
543,variation,AR-GOLDEN-150,,"Aroma Golden - 150 mL",1,0,visible,,,,,taxable,parent,1,100,,0,0,,,,,0,,,90.00,,,,,,,AR-GOLDEN,,,,,,0,,,,,,,,,,,,,,,,Capacidad,"150 mL",,1,,,,,,
544,variation,AR-GOLDEN-250,,"Aroma Golden - 250 mL",1,0,visible,,,,,taxable,parent,1,100,,0,0,,,,,0,,,125.00,,,,,,,AR-GOLDEN,,,,,,0,,,,,,,,,,,,,,,,Capacidad,"250 mL",,1,,,,,,
545,variation,AR-GOLDEN-500,,"Aroma Golden - 500 mL",1,0,visible,,,,,taxable,parent,1,100,,0,0,,,,,0,,,229.00,,,,,,,AR-GOLDEN,,,,,,0,,,,,,,,,,,,,,,,Capacidad,"500 mL",,1,,,,,,
546,variation,AR-GOLDEN-1L,,"Aroma Golden - 1 L",1,0,visible,,,,,taxable,parent,1,100,,0,0,,,,,0,,,439.00,,,,,,,AR-GOLDEN,,,,,,0,,,,,,,,,,,,,,,,Capacidad,"1 L",,1,,,,,,
547,variation,AR-HONEY-150,,"Aroma Honey - 150 mL",1,0,visible,,,,,taxable,parent,1,100,,0,0,,,,,0,,,90.00,,,,,,,AR-HONEY,,,,,,0,,,,,,,,,,,,,,,,Capacidad,"150 mL",,1,,,,,,
548,variation,AR-HONEY-250,,"Aroma Honey - 250 mL",1,0,visible,,,,,taxable,parent,1,100,,0,0,,,,,0,,,125.00,,,,,,,AR-HONEY,,,,,,0,,,,,,,,,,,,,,,,Capacidad,"250 mL",,1,,,,,,
549,variation,AR-HONEY-500,,"Aroma Honey - 500 mL",1,0,visible,,,,,taxable,parent,1,100,,0,0,,,,,0,,,229.00,,,,,,,AR-HONEY,,,,,,0,,,,,,,,,,,,,,,,Capacidad,"500 mL",,1,,,,,,
550,variation,AR-HONEY-1L,,"Aroma Honey - 1 L",1,0,visible,,,,,taxable,parent,1,100,,0,0,,,,,0,,,439.00,,,,,,,AR-HONEY,,,,,,0,,,,,,,,,,,,,,,,Capacidad,"1 L",,1,,,,,,
551,variable,AR-LAVANDA-FRANCESA,,"Aroma Lavanda Francesa",1,0,visible,,,,,taxable,,1,,,0,0,,,,,1,,,,Aromas,,,https://vaporis.pruebalucuma.site/wp-content/uploads/2026/06/lavanda-francesa.png,,,,,,,,,0,,,,,,,,,,,,,,,,Capacidad,"1 L, 150 mL, 250 mL, 500 mL",1,1,"Lavanda de Provenza, limón",field_6a3739f9978a5,"Romero, eucalipto",field_6a373a0b978a6,"Cedro, almizcle",field_6a373a15978a7
552,variable,AR-MACCHIATO,,"Aroma Macchiato",1,0,visible,,,,,taxable,,1,,,0,0,,,,,1,,,,Aromas,,,https://vaporis.pruebalucuma.site/wp-content/uploads/2026/06/macchiato.png,,,,,,,,,0,,,,,,,,,,,,,,,,Capacidad,"1 L, 150 mL, 250 mL, 500 mL",1,1,"Espresso, cacao tostado",field_6a3739f9978a5,"Crema dulce, caramelo",field_6a373a0b978a6,"Madera, vainilla oscura",field_6a373a15978a7
553,variable,AR-MANGO-TROPICAL,,"Aroma Mango Tropical",1,0,visible,,,,,taxable,,1,,,0,0,,,,,1,,,,Aromas,,,https://vaporis.pruebalucuma.site/wp-content/uploads/2026/06/mango-tropical.png,,,,,,,,,0,,,,,,,,,,,,,,,,Capacidad,"1 L, 150 mL, 250 mL, 500 mL",1,1,"Mango jugoso, maracuyá",field_6a3739f9978a5,"Flor de hibisco, peonía rosada",field_6a373a0b978a6,"Almizcle, vainilla ligera",field_6a373a15978a7
554,variable,AR-MATCHA,,"Aroma Matcha",1,0,visible,,,,,taxable,,1,,,0,0,,,,,1,,,,Aromas,,,https://vaporis.pruebalucuma.site/wp-content/uploads/2026/06/matcha.png,,,,,,,,,0,,,,,,,,,,,,,,,,Capacidad,"1 L, 150 mL, 250 mL, 500 mL",1,1,"Té verde, lima",field_6a3739f9978a5,"Hoja de menta, bambú",field_6a373a0b978a6,"Almizcle suave, ámbar claro",field_6a373a15978a7
555,variable,AR-MOCA,,"Aroma Moca",0,0,visible,,,,,taxable,,1,,,0,0,,,,,1,,,,Aromas,,,,,,,,,,,,0,,,,,,,,,,,,,,,,Capacidad,"1 L, 150 mL, 250 mL, 500 mL",1,1,"Espresso, cacao amargo",field_6a3739f9978a5,"Avellana, caramelo",field_6a373a0b978a6,"Vainilla oscura, madera tostada",field_6a373a15978a7
556,variable,AR-MOONLIGHT,,"Aroma Moonlight",1,0,visible,,,,,taxable,,1,,,0,0,,,,,1,,,,Aromas,,,https://vaporis.pruebalucuma.site/wp-content/uploads/2026/06/moonlight.png,,,,,,,,,0,,,,,,,,,,,,,,,,Capacidad,"1 L, 150 mL, 250 mL, 500 mL",1,1,"Vainilla cremosa, coco suave",field_6a3739f9978a5,"Leche de almendra, caramelo",field_6a373a0b978a6,"Madera dulce, almizcle cálido",field_6a373a15978a7
557,variation,AR-LAVANDA-FRANCESA-150,,"Aroma Lavanda Francesa - 150 mL",1,0,visible,,,,,taxable,parent,1,100,,0,0,,,,,0,,,90.00,,,,,,,AR-LAVANDA-FRANCESA,,,,,,0,,,,,,,,,,,,,,,,Capacidad,"150 mL",,1,,,,,,
558,variation,AR-LAVANDA-FRANCESA-250,,"Aroma Lavanda Francesa - 250 mL",1,0,visible,,,,,taxable,parent,1,100,,0,0,,,,,0,,,125.00,,,,,,,AR-LAVANDA-FRANCESA,,,,,,0,,,,,,,,,,,,,,,,Capacidad,"250 mL",,1,,,,,,
559,variation,AR-LAVANDA-FRANCESA-500,,"Aroma Lavanda Francesa - 500 mL",1,0,visible,,,,,taxable,parent,1,100,,0,0,,,,,0,,,229.00,,,,,,,AR-LAVANDA-FRANCESA,,,,,,0,,,,,,,,,,,,,,,,Capacidad,"500 mL",,1,,,,,,
560,variation,AR-LAVANDA-FRANCESA-1L,,"Aroma Lavanda Francesa - 1 L",1,0,visible,,,,,taxable,parent,1,100,,0,0,,,,,0,,,439.00,,,,,,,AR-LAVANDA-FRANCESA,,,,,,0,,,,,,,,,,,,,,,,Capacidad,"1 L",,1,,,,,,
561,variation,AR-MACCHIATO-150,,"Aroma Macchiato - 150 mL",1,0,visible,,,,,taxable,parent,1,100,,0,0,,,,,0,,,90.00,,,,,,,AR-MACCHIATO,,,,,,0,,,,,,,,,,,,,,,,Capacidad,"150 mL",,1,,,,,,
562,variation,AR-MACCHIATO-250,,"Aroma Macchiato - 250 mL",1,0,visible,,,,,taxable,parent,1,100,,0,0,,,,,0,,,125.00,,,,,,,AR-MACCHIATO,,,,,,0,,,,,,,,,,,,,,,,Capacidad,"250 mL",,1,,,,,,
563,variation,AR-MACCHIATO-500,,"Aroma Macchiato - 500 mL",1,0,visible,,,,,taxable,parent,1,100,,0,0,,,,,0,,,229.00,,,,,,,AR-MACCHIATO,,,,,,0,,,,,,,,,,,,,,,,Capacidad,"500 mL",,1,,,,,,
564,variation,AR-MACCHIATO-1L,,"Aroma Macchiato - 1 L",1,0,visible,,,,,taxable,parent,1,100,,0,0,,,,,0,,,439.00,,,,,,,AR-MACCHIATO,,,,,,0,,,,,,,,,,,,,,,,Capacidad,"1 L",,1,,,,,,
565,variation,AR-MANGO-TROPICAL-150,,"Aroma Mango Tropical - 150 mL",1,0,visible,,,,,taxable,parent,1,100,,0,0,,,,,0,,,90.00,,,,,,,AR-MANGO-TROPICAL,,,,,,0,,,,,,,,,,,,,,,,Capacidad,"150 mL",,1,,,,,,
566,variation,AR-MANGO-TROPICAL-250,,"Aroma Mango Tropical - 250 mL",1,0,visible,,,,,taxable,parent,1,100,,0,0,,,,,0,,,125.00,,,,,,,AR-MANGO-TROPICAL,,,,,,0,,,,,,,,,,,,,,,,Capacidad,"250 mL",,1,,,,,,
567,variation,AR-MANGO-TROPICAL-500,,"Aroma Mango Tropical - 500 mL",1,0,visible,,,,,taxable,parent,1,100,,0,0,,,,,0,,,229.00,,,,,,,AR-MANGO-TROPICAL,,,,,,0,,,,,,,,,,,,,,,,Capacidad,"500 mL",,1,,,,,,
568,variation,AR-MANGO-TROPICAL-1L,,"Aroma Mango Tropical - 1 L",1,0,visible,,,,,taxable,parent,1,100,,0,0,,,,,0,,,439.00,,,,,,,AR-MANGO-TROPICAL,,,,,,0,,,,,,,,,,,,,,,,Capacidad,"1 L",,1,,,,,,
569,variation,AR-MATCHA-150,,"Aroma Matcha - 150 mL",1,0,visible,,,,,taxable,parent,1,100,,0,0,,,,,0,,,90.00,,,,,,,AR-MATCHA,,,,,,0,,,,,,,,,,,,,,,,Capacidad,"150 mL",,1,,,,,,
570,variation,AR-MATCHA-250,,"Aroma Matcha - 250 mL",1,0,visible,,,,,taxable,parent,1,100,,0,0,,,,,0,,,125.00,,,,,,,AR-MATCHA,,,,,,0,,,,,,,,,,,,,,,,Capacidad,"250 mL",,1,,,,,,
571,variation,AR-MATCHA-500,,"Aroma Matcha - 500 mL",1,0,visible,,,,,taxable,parent,1,100,,0,0,,,,,0,,,229.00,,,,,,,AR-MATCHA,,,,,,0,,,,,,,,,,,,,,,,Capacidad,"500 mL",,1,,,,,,
572,variation,AR-MATCHA-1L,,"Aroma Matcha - 1 L",1,0,visible,,,,,taxable,parent,1,100,,0,0,,,,,0,,,439.00,,,,,,,AR-MATCHA,,,,,,0,,,,,,,,,,,,,,,,Capacidad,"1 L",,1,,,,,,
573,variation,AR-MOCA-150,,"Aroma Moca - 150 mL",0,0,visible,,,,,taxable,parent,1,100,,0,0,,,,,0,,,90.00,,,,,,,AR-MOCA,,,,,,0,,,,,,,,,,,,,,,,Capacidad,"150 mL",,1,,,,,,
574,variation,AR-MOCA-250,,"Aroma Moca - 250 mL",0,0,visible,,,,,taxable,parent,1,100,,0,0,,,,,0,,,125.00,,,,,,,AR-MOCA,,,,,,0,,,,,,,,,,,,,,,,Capacidad,"250 mL",,1,,,,,,
575,variation,AR-MOCA-500,,"Aroma Moca - 500 mL",0,0,visible,,,,,taxable,parent,1,100,,0,0,,,,,0,,,229.00,,,,,,,AR-MOCA,,,,,,0,,,,,,,,,,,,,,,,Capacidad,"500 mL",,1,,,,,,
576,variation,AR-MOCA-1L,,"Aroma Moca - 1 L",0,0,visible,,,,,taxable,parent,1,100,,0,0,,,,,0,,,439.00,,,,,,,AR-MOCA,,,,,,0,,,,,,,,,,,,,,,,Capacidad,"1 L",,1,,,,,,
577,variation,AR-MOONLIGHT-150,,"Aroma Moonlight - 150 mL",1,0,visible,,,,,taxable,parent,1,100,,0,0,,,,,0,,,90.00,,,,,,,AR-MOONLIGHT,,,,,,0,,,,,,,,,,,,,,,,Capacidad,"150 mL",,1,,,,,,
578,variation,AR-MOONLIGHT-250,,"Aroma Moonlight - 250 mL",1,0,visible,,,,,taxable,parent,1,100,,0,0,,,,,0,,,125.00,,,,,,,AR-MOONLIGHT,,,,,,0,,,,,,,,,,,,,,,,Capacidad,"250 mL",,1,,,,,,
579,variation,AR-MOONLIGHT-500,,"Aroma Moonlight - 500 mL",1,0,visible,,,,,taxable,parent,1,100,,0,0,,,,,0,,,229.00,,,,,,,AR-MOONLIGHT,,,,,,0,,,,,,,,,,,,,,,,Capacidad,"500 mL",,1,,,,,,
580,variation,AR-MOONLIGHT-1L,,"Aroma Moonlight - 1 L",1,0,visible,,,,,taxable,parent,1,100,,0,0,,,,,0,,,439.00,,,,,,,AR-MOONLIGHT,,,,,,0,,,,,,,,,,,,,,,,Capacidad,"1 L",,1,,,,,,
581,variable,AR-PASION,,"Aroma Pasión",1,0,visible,,,,,taxable,,1,,,0,0,,,,,1,,,,Aromas,,,https://vaporis.pruebalucuma.site/wp-content/uploads/2026/06/pasion.png,,,,,,,,,0,,,,,,,,,,,,,,,,Capacidad,"1 L, 150 mL, 250 mL, 500 mL",1,1,"Frutas rojas, mandarina",field_6a3739f9978a5,"Jazmín, rosa intensa",field_6a373a0b978a6,"Almizcle sensual, ámbar",field_6a373a15978a7
582,variable,AR-PASSION-SOUR,,"Aroma Passion Sour",1,0,visible,,,,,taxable,,1,,,0,0,,,,,1,,,,Aromas,,,https://vaporis.pruebalucuma.site/wp-content/uploads/2026/06/passion-sour.png,,,,,,,,,0,,,,,,,,,,,,,,,,Capacidad,"1 L, 150 mL, 250 mL, 500 mL",1,1,"Maracuyá, lima",field_6a3739f9978a5,"Mango verde, flor de azahar",field_6a373a0b978a6,"Almizcle, azúcar de caña",field_6a373a15978a7
583,variable,AR-PEONIA,,"Aroma Peonia",1,0,visible,,,,,taxable,,1,,,0,0,,,,,1,,,,Aromas,,,https://vaporis.pruebalucuma.site/wp-content/uploads/2026/06/peonia.png,,,,,,,,,0,,,,,,,,,,,,,,,,Capacidad,"1 L, 150 mL, 250 mL, 500 mL",1,1,"Pera jugosa, pino siberiano",field_6a3739f9978a5,"Peonía, magnolia, muguet",field_6a373a0b978a6,"Cedarwood, vetiver",field_6a373a15978a7
584,variable,AR-PINK-GLOW,,"Aroma Pink Glow",1,0,visible,,,,,taxable,,1,,,0,0,,,,,1,,,,Aromas,,,https://vaporis.pruebalucuma.site/wp-content/uploads/2026/06/pink-glow.png,,,,,,,,,0,,,,,,,,,,,,,,,,Capacidad,"1 L, 150 mL, 250 mL, 500 mL",1,1,"Sandía fresca, lima dulce",field_6a3739f9978a5,"Rosa blanca, jazmín acuático",field_6a373a0b978a6,"Almizcle rosa, acorde afrutado",field_6a373a15978a7
585,variable,AR-PRIMAVERA,,"Aroma Primavera",1,0,visible,,,,,taxable,,1,,,0,0,,,,,1,,,,Aromas,,,https://vaporis.pruebalucuma.site/wp-content/uploads/2026/06/primavera.png,,,,,,,,,0,,,,,,,,,,,,,,,,Capacidad,"1 L, 150 mL, 250 mL, 500 mL",1,1,"Fresa, hojas verdes",field_6a3739f9978a5,"Gardenia, violeta",field_6a373a0b978a6,"Madera clara, almizcle",field_6a373a15978a7
586,variable,AR-RED-CARPET,,"Aroma Red Carpet",0,0,visible,,,,,taxable,,1,,,0,0,,,,,1,,,,Aromas,,,,,,,,,,,,0,,,,,,,,,,,,,,,,Capacidad,"1 L, 150 mL, 250 mL, 500 mL",1,1,"Incienso resinoso",field_6a3739f9978a5,"Madera de oud, sándalo",field_6a373a0b978a6,"Patchouli terroso, ámbar",field_6a373a15978a7
587,variation,AR-PASION-150,,"Aroma Pasión - 150 mL",1,0,visible,,,,,taxable,parent,1,100,,0,0,,,,,0,,,90.00,,,,,,,AR-PASION,,,,,,0,,,,,,,,,,,,,,,,Capacidad,"150 mL",,1,,,,,,
588,variation,AR-PASION-250,,"Aroma Pasión - 250 mL",1,0,visible,,,,,taxable,parent,1,100,,0,0,,,,,0,,,125.00,,,,,,,AR-PASION,,,,,,0,,,,,,,,,,,,,,,,Capacidad,"250 mL",,1,,,,,,
589,variation,AR-PASION-500,,"Aroma Pasión - 500 mL",1,0,visible,,,,,taxable,parent,1,100,,0,0,,,,,0,,,229.00,,,,,,,AR-PASION,,,,,,0,,,,,,,,,,,,,,,,Capacidad,"500 mL",,1,,,,,,
590,variation,AR-PASION-1L,,"Aroma Pasión - 1 L",1,0,visible,,,,,taxable,parent,1,100,,0,0,,,,,0,,,439.00,,,,,,,AR-PASION,,,,,,0,,,,,,,,,,,,,,,,Capacidad,"1 L",,1,,,,,,
591,variation,AR-PASSION-SOUR-150,,"Aroma Passion Sour - 150 mL",1,0,visible,,,,,taxable,parent,1,100,,0,0,,,,,0,,,90.00,,,,,,,AR-PASSION-SOUR,,,,,,0,,,,,,,,,,,,,,,,Capacidad,"150 mL",,1,,,,,,
592,variation,AR-PASSION-SOUR-250,,"Aroma Passion Sour - 250 mL",1,0,visible,,,,,taxable,parent,1,100,,0,0,,,,,0,,,125.00,,,,,,,AR-PASSION-SOUR,,,,,,0,,,,,,,,,,,,,,,,Capacidad,"250 mL",,1,,,,,,
593,variation,AR-PASSION-SOUR-500,,"Aroma Passion Sour - 500 mL",1,0,visible,,,,,taxable,parent,1,100,,0,0,,,,,0,,,229.00,,,,,,,AR-PASSION-SOUR,,,,,,0,,,,,,,,,,,,,,,,Capacidad,"500 mL",,1,,,,,,
594,variation,AR-PASSION-SOUR-1L,,"Aroma Passion Sour - 1 L",1,0,visible,,,,,taxable,parent,1,100,,0,0,,,,,0,,,439.00,,,,,,,AR-PASSION-SOUR,,,,,,0,,,,,,,,,,,,,,,,Capacidad,"1 L",,1,,,,,,
595,variation,AR-PEONIA-150,,"Aroma Peonia - 150 mL",1,0,visible,,,,,taxable,parent,1,100,,0,0,,,,,0,,,90.00,,,,,,,AR-PEONIA,,,,,,0,,,,,,,,,,,,,,,,Capacidad,"150 mL",,1,,,,,,
596,variation,AR-PEONIA-250,,"Aroma Peonia - 250 mL",1,0,visible,,,,,taxable,parent,1,100,,0,0,,,,,0,,,125.00,,,,,,,AR-PEONIA,,,,,,0,,,,,,,,,,,,,,,,Capacidad,"250 mL",,1,,,,,,
597,variation,AR-PEONIA-500,,"Aroma Peonia - 500 mL",1,0,visible,,,,,taxable,parent,1,100,,0,0,,,,,0,,,229.00,,,,,,,AR-PEONIA,,,,,,0,,,,,,,,,,,,,,,,Capacidad,"500 mL",,1,,,,,,
598,variation,AR-PEONIA-1L,,"Aroma Peonia - 1 L",1,0,visible,,,,,taxable,parent,1,100,,0,0,,,,,0,,,439.00,,,,,,,AR-PEONIA,,,,,,0,,,,,,,,,,,,,,,,Capacidad,"1 L",,1,,,,,,
599,variation,AR-PINK-GLOW-150,,"Aroma Pink Glow - 150 mL",1,0,visible,,,,,taxable,parent,1,100,,0,0,,,,,0,,,90.00,,,,,,,AR-PINK-GLOW,,,,,,0,,,,,,,,,,,,,,,,Capacidad,"150 mL",,1,,,,,,
600,variation,AR-PINK-GLOW-250,,"Aroma Pink Glow - 250 mL",1,0,visible,,,,,taxable,parent,1,100,,0,0,,,,,0,,,125.00,,,,,,,AR-PINK-GLOW,,,,,,0,,,,,,,,,,,,,,,,Capacidad,"250 mL",,1,,,,,,
601,variation,AR-PINK-GLOW-500,,"Aroma Pink Glow - 500 mL",1,0,visible,,,,,taxable,parent,1,100,,0,0,,,,,0,,,229.00,,,,,,,AR-PINK-GLOW,,,,,,0,,,,,,,,,,,,,,,,Capacidad,"500 mL",,1,,,,,,
602,variation,AR-PINK-GLOW-1L,,"Aroma Pink Glow - 1 L",1,0,visible,,,,,taxable,parent,1,100,,0,0,,,,,0,,,439.00,,,,,,,AR-PINK-GLOW,,,,,,0,,,,,,,,,,,,,,,,Capacidad,"1 L",,1,,,,,,
603,variation,AR-PRIMAVERA-150,,"Aroma Primavera - 150 mL",1,0,visible,,,,,taxable,parent,1,100,,0,0,,,,,0,,,90.00,,,,,,,AR-PRIMAVERA,,,,,,0,,,,,,,,,,,,,,,,Capacidad,"150 mL",,1,,,,,,
604,variation,AR-PRIMAVERA-250,,"Aroma Primavera - 250 mL",1,0,visible,,,,,taxable,parent,1,100,,0,0,,,,,0,,,125.00,,,,,,,AR-PRIMAVERA,,,,,,0,,,,,,,,,,,,,,,,Capacidad,"250 mL",,1,,,,,,
605,variation,AR-PRIMAVERA-500,,"Aroma Primavera - 500 mL",1,0,visible,,,,,taxable,parent,1,100,,0,0,,,,,0,,,229.00,,,,,,,AR-PRIMAVERA,,,,,,0,,,,,,,,,,,,,,,,Capacidad,"500 mL",,1,,,,,,
606,variation,AR-PRIMAVERA-1L,,"Aroma Primavera - 1 L",1,0,visible,,,,,taxable,parent,1,100,,0,0,,,,,0,,,439.00,,,,,,,AR-PRIMAVERA,,,,,,0,,,,,,,,,,,,,,,,Capacidad,"1 L",,1,,,,,,
607,variation,AR-RED-CARPET-150,,"Aroma Red Carpet - 150 mL",0,0,visible,,,,,taxable,parent,1,100,,0,0,,,,,0,,,90.00,,,,,,,AR-RED-CARPET,,,,,,0,,,,,,,,,,,,,,,,Capacidad,"150 mL",,1,,,,,,
608,variation,AR-RED-CARPET-250,,"Aroma Red Carpet - 250 mL",0,0,visible,,,,,taxable,parent,1,100,,0,0,,,,,0,,,125.00,,,,,,,AR-RED-CARPET,,,,,,0,,,,,,,,,,,,,,,,Capacidad,"250 mL",,1,,,,,,
609,variation,AR-RED-CARPET-500,,"Aroma Red Carpet - 500 mL",0,0,visible,,,,,taxable,parent,1,100,,0,0,,,,,0,,,229.00,,,,,,,AR-RED-CARPET,,,,,,0,,,,,,,,,,,,,,,,Capacidad,"500 mL",,1,,,,,,
610,variation,AR-RED-CARPET-1L,,"Aroma Red Carpet - 1 L",0,0,visible,,,,,taxable,parent,1,100,,0,0,,,,,0,,,439.00,,,,,,,AR-RED-CARPET,,,,,,0,,,,,,,,,,,,,,,,Capacidad,"1 L",,1,,,,,,
611,variable,AR-ROSA-PASIONAL,,"Aroma Rosa Pasional",1,0,visible,,,,,taxable,,1,,,0,0,,,,,1,,,,Aromas,,,https://vaporis.pruebalucuma.site/wp-content/uploads/2026/06/Rosa-pasional.png,,,,,,,,,0,,,,,,,,,,,,,,,,Capacidad,"1 L, 150 mL, 250 mL, 500 mL",1,1,"Rosa roja, mandarina",field_6a3739f9978a5,"Violeta, jazmín",field_6a373a0b978a6,"Patchouli, almizcle sensual",field_6a373a15978a7
612,variable,AR-ROSE,,"Aroma Rosé",1,0,visible,,,,,taxable,,1,,,0,0,,,,,1,,,,Aromas,,,https://vaporis.pruebalucuma.site/wp-content/uploads/2026/06/rose.png,,,,,,,,,0,,,,,,,,,,,,,,,,Capacidad,"1 L, 150 mL, 250 mL, 500 mL",1,1,"Pétalos de rosa roja",field_6a3739f9978a5,"Rosa búlgara, geranio",field_6a373a0b978a6,"Miel, almizcle suave",field_6a373a15978a7
613,variable,AR-RUTA-AROMATICA,,"Aroma Ruta Aromática",1,0,visible,,,,,taxable,,1,,,0,0,,,,,1,,,,Aromas,,,https://vaporis.pruebalucuma.site/wp-content/uploads/2026/06/ruta-aromatica.png,,,,,,,,,0,,,,,,,,,,,,,,,,Capacidad,"1 L, 150 mL, 250 mL, 500 mL",1,1,"Limón verde, bergamota italiana",field_6a3739f9978a5,"Cedro, almizcle limpio",field_6a373a0b978a6,"Sándalo, ámbar amaderado",field_6a373a15978a7
614,variable,AR-SERENITY,,"Aroma Serenity",1,0,visible,,,,,taxable,,1,,,0,0,,,,,1,,,,Aromas,,,https://vaporis.pruebalucuma.site/wp-content/uploads/2026/06/serenity.png,,,,,,,,,0,,,,,,,,,,,,,,,,Capacidad,"1 L, 150 mL, 250 mL, 500 mL",1,1,"Albaricoque, manzana, ciruela",field_6a3739f9978a5,"Jazmín, violeta",field_6a373a0b978a6,"Roble leñoso, menta liviana",field_6a373a15978a7
615,variable,AR-SHEA,,"Aroma Shea",0,0,visible,,,,,taxable,,1,,,0,0,,,,,1,,,,Aromas,,,,,,,,,,,,0,,,,,,,,,,,,,,,,Capacidad,"1 L, 150 mL, 250 mL, 500 mL",1,1,"Manzana jugosa, frutos rojos",field_6a3739f9978a5,"Cacao cremoso, flores blancas",field_6a373a0b978a6,"Rosa damascena, vainilla suave",field_6a373a15978a7
616,variable,AR-SOFT-PEAR,,"Aroma Soft Pear",1,0,visible,,,,,taxable,,1,,,0,0,,,,,1,,,,Aromas,,,https://vaporis.pruebalucuma.site/wp-content/uploads/2026/06/soft-pear.png,,,,,,,,,0,,,,,,,,,,,,,,,,Capacidad,"1 L, 150 mL, 250 mL, 500 mL",1,1,"Pera madura, néctar de durazno",field_6a3739f9978a5,"Flor de azahar, jazmín",field_6a373a0b978a6,"Ámbar dorado, vainilla",field_6a373a15978a7
617,variation,AR-ROSA-PASIONAL-150,,"Aroma Rosa Pasional - 150 mL",1,0,visible,,,,,taxable,parent,1,100,,0,0,,,,,0,,,90.00,,,,,,,AR-ROSA-PASIONAL,,,,,,0,,,,,,,,,,,,,,,,Capacidad,"150 mL",,1,,,,,,
618,variation,AR-ROSA-PASIONAL-250,,"Aroma Rosa Pasional - 250 mL",1,0,visible,,,,,taxable,parent,1,100,,0,0,,,,,0,,,125.00,,,,,,,AR-ROSA-PASIONAL,,,,,,0,,,,,,,,,,,,,,,,Capacidad,"250 mL",,1,,,,,,
619,variation,AR-ROSA-PASIONAL-500,,"Aroma Rosa Pasional - 500 mL",1,0,visible,,,,,taxable,parent,1,100,,0,0,,,,,0,,,229.00,,,,,,,AR-ROSA-PASIONAL,,,,,,0,,,,,,,,,,,,,,,,Capacidad,"500 mL",,1,,,,,,
620,variation,AR-ROSA-PASIONAL-1L,,"Aroma Rosa Pasional - 1 L",1,0,visible,,,,,taxable,parent,1,100,,0,0,,,,,0,,,439.00,,,,,,,AR-ROSA-PASIONAL,,,,,,0,,,,,,,,,,,,,,,,Capacidad,"1 L",,1,,,,,,
621,variation,AR-ROSE-150,,"Aroma Rosé - 150 mL",1,0,visible,,,,,taxable,parent,1,100,,0,0,,,,,0,,,90.00,,,,,,,AR-ROSE,,,,,,0,,,,,,,,,,,,,,,,Capacidad,"150 mL",,1,,,,,,
622,variation,AR-ROSE-250,,"Aroma Rosé - 250 mL",1,0,visible,,,,,taxable,parent,1,100,,0,0,,,,,0,,,125.00,,,,,,,AR-ROSE,,,,,,0,,,,,,,,,,,,,,,,Capacidad,"250 mL",,1,,,,,,
623,variation,AR-ROSE-500,,"Aroma Rosé - 500 mL",1,0,visible,,,,,taxable,parent,1,100,,0,0,,,,,0,,,229.00,,,,,,,AR-ROSE,,,,,,0,,,,,,,,,,,,,,,,Capacidad,"500 mL",,1,,,,,,
624,variation,AR-ROSE-1L,,"Aroma Rosé - 1 L",1,0,visible,,,,,taxable,parent,1,100,,0,0,,,,,0,,,439.00,,,,,,,AR-ROSE,,,,,,0,,,,,,,,,,,,,,,,Capacidad,"1 L",,1,,,,,,
625,variation,AR-RUTA-AROMATICA-150,,"Aroma Ruta Aromática - 150 mL",1,0,visible,,,,,taxable,parent,1,100,,0,0,,,,,0,,,90.00,,,,,,,AR-RUTA-AROMATICA,,,,,,0,,,,,,,,,,,,,,,,Capacidad,"150 mL",,1,,,,,,
626,variation,AR-RUTA-AROMATICA-250,,"Aroma Ruta Aromática - 250 mL",1,0,visible,,,,,taxable,parent,1,100,,0,0,,,,,0,,,125.00,,,,,,,AR-RUTA-AROMATICA,,,,,,0,,,,,,,,,,,,,,,,Capacidad,"250 mL",,1,,,,,,
627,variation,AR-RUTA-AROMATICA-500,,"Aroma Ruta Aromática - 500 mL",1,0,visible,,,,,taxable,parent,1,100,,0,0,,,,,0,,,229.00,,,,,,,AR-RUTA-AROMATICA,,,,,,0,,,,,,,,,,,,,,,,Capacidad,"500 mL",,1,,,,,,
628,variation,AR-RUTA-AROMATICA-1L,,"Aroma Ruta Aromática - 1 L",1,0,visible,,,,,taxable,parent,1,100,,0,0,,,,,0,,,439.00,,,,,,,AR-RUTA-AROMATICA,,,,,,0,,,,,,,,,,,,,,,,Capacidad,"1 L",,1,,,,,,
629,variation,AR-SERENITY-150,,"Aroma Serenity - 150 mL",1,0,visible,,,,,taxable,parent,1,100,,0,0,,,,,0,,,90.00,,,,,,,AR-SERENITY,,,,,,0,,,,,,,,,,,,,,,,Capacidad,"150 mL",,1,,,,,,
630,variation,AR-SERENITY-250,,"Aroma Serenity - 250 mL",1,0,visible,,,,,taxable,parent,1,100,,0,0,,,,,0,,,125.00,,,,,,,AR-SERENITY,,,,,,0,,,,,,,,,,,,,,,,Capacidad,"250 mL",,1,,,,,,
631,variation,AR-SERENITY-500,,"Aroma Serenity - 500 mL",1,0,visible,,,,,taxable,parent,1,100,,0,0,,,,,0,,,229.00,,,,,,,AR-SERENITY,,,,,,0,,,,,,,,,,,,,,,,Capacidad,"500 mL",,1,,,,,,
632,variation,AR-SERENITY-1L,,"Aroma Serenity - 1 L",1,0,visible,,,,,taxable,parent,1,100,,0,0,,,,,0,,,439.00,,,,,,,AR-SERENITY,,,,,,0,,,,,,,,,,,,,,,,Capacidad,"1 L",,1,,,,,,
633,variation,AR-SHEA-150,,"Aroma Shea - 150 mL",0,0,visible,,,,,taxable,parent,1,100,,0,0,,,,,0,,,90.00,,,,,,,AR-SHEA,,,,,,0,,,,,,,,,,,,,,,,Capacidad,"150 mL",,1,,,,,,
634,variation,AR-SHEA-250,,"Aroma Shea - 250 mL",0,0,visible,,,,,taxable,parent,1,100,,0,0,,,,,0,,,125.00,,,,,,,AR-SHEA,,,,,,0,,,,,,,,,,,,,,,,Capacidad,"250 mL",,1,,,,,,
635,variation,AR-SHEA-500,,"Aroma Shea - 500 mL",0,0,visible,,,,,taxable,parent,1,100,,0,0,,,,,0,,,229.00,,,,,,,AR-SHEA,,,,,,0,,,,,,,,,,,,,,,,Capacidad,"500 mL",,1,,,,,,
636,variation,AR-SHEA-1L,,"Aroma Shea - 1 L",0,0,visible,,,,,taxable,parent,1,100,,0,0,,,,,0,,,439.00,,,,,,,AR-SHEA,,,,,,0,,,,,,,,,,,,,,,,Capacidad,"1 L",,1,,,,,,
637,variation,AR-SOFT-PEAR-150,,"Aroma Soft Pear - 150 mL",1,0,visible,,,,,taxable,parent,1,100,,0,0,,,,,0,,,90.00,,,,,,,AR-SOFT-PEAR,,,,,,0,,,,,,,,,,,,,,,,Capacidad,"150 mL",,1,,,,,,
638,variation,AR-SOFT-PEAR-250,,"Aroma Soft Pear - 250 mL",1,0,visible,,,,,taxable,parent,1,100,,0,0,,,,,0,,,125.00,,,,,,,AR-SOFT-PEAR,,,,,,0,,,,,,,,,,,,,,,,Capacidad,"250 mL",,1,,,,,,
639,variation,AR-SOFT-PEAR-500,,"Aroma Soft Pear - 500 mL",1,0,visible,,,,,taxable,parent,1,100,,0,0,,,,,0,,,229.00,,,,,,,AR-SOFT-PEAR,,,,,,0,,,,,,,,,,,,,,,,Capacidad,"500 mL",,1,,,,,,
640,variation,AR-SOFT-PEAR-1L,,"Aroma Soft Pear - 1 L",1,0,visible,,,,,taxable,parent,1,100,,0,0,,,,,0,,,439.00,,,,,,,AR-SOFT-PEAR,,,,,,0,,,,,,,,,,,,,,,,Capacidad,"1 L",,1,,,,,,
641,variable,AR-SUNNY,,"Aroma Sunny",1,0,visible,,,,,taxable,,1,,,0,0,,,,,1,,,,Aromas,,,https://vaporis.pruebalucuma.site/wp-content/uploads/2026/06/sunny.png,,,,,,,,,0,,,,,,,,,,,,,,,,Capacidad,"1 L, 150 mL, 250 mL, 500 mL",1,1,"Piña, limón siciliano",field_6a3739f9978a5,"Flor de tiaré, jazmín solar",field_6a373a0b978a6,"Vainilla tropical, coco",field_6a373a15978a7
642,variable,AR-SWEET-HARVEST,,"Aroma Sweet Harvest",1,0,visible,,,,,taxable,,1,,,0,0,,,,,1,,,,Aromas,,,https://vaporis.pruebalucuma.site/wp-content/uploads/2026/06/sweet-harvest.png,,,,,,,,,0,,,,,,,,,,,,,,,,Capacidad,"1 L, 150 mL, 250 mL, 500 mL",1,1,"Manzana roja, pera",field_6a3739f9978a5,"Canela, clavo de olor",field_6a373a0b978a6,"Vainilla, madera de cedro",field_6a373a15978a7
643,variable,AR-TE-SILVESTRE,,"Aroma Té Silvestre",1,0,visible,,,,,taxable,,1,,,0,0,,,,,1,,,,Aromas,,,https://vaporis.pruebalucuma.site/wp-content/uploads/2026/06/te-silvestre.png,,,,,,,,,0,,,,,,,,,,,,,,,,Capacidad,"1 L, 150 mL, 250 mL, 500 mL",1,1,"Hierba luisa fresca, lima verde",field_6a3739f9978a5,"Té verde, hojas de menta",field_6a373a0b978a6,"Musgo blanco, lavanda",field_6a373a15978a7
644,variable,AR-TROPICAL-FRUITS,,"Aroma Tropical Fruits",1,0,visible,,,,,taxable,,1,,,0,0,,,,,1,,,,Aromas,,,https://vaporis.pruebalucuma.site/wp-content/uploads/2026/06/tropical-fruits.png,,,,,,,,,0,,,,,,,,,,,,,,,,Capacidad,"1 L, 150 mL, 250 mL, 500 mL",1,1,"Granada jugosa, mango",field_6a3739f9978a5,"Flor de hibiscus, piña",field_6a373a0b978a6,"Ámbar dulce, vainilla",field_6a373a15978a7
645,variable,AR-URBAN-FIT,,"Aroma Urban Fit",1,0,visible,,,,,taxable,,1,,,0,0,,,,,1,,,,Aromas,,,https://vaporis.pruebalucuma.site/wp-content/uploads/2026/06/urban-fit.png,,,,,,,,,0,,,,,,,,,,,,,,,,Capacidad,"1 L, 150 mL, 250 mL, 500 mL",1,1,"Madera de roble, bergamota",field_6a3739f9978a5,"Notas acuáticos, especias",field_6a373a0b978a6,"Cedro blanco, almizcle",field_6a373a15978a7
646,variable,AR-VAINILLA-GLOW,,"Aroma Vainilla Glow",1,0,visible,,,,,taxable,,1,,,0,0,,,,,1,,,,Aromas,,,https://vaporis.pruebalucuma.site/wp-content/uploads/2026/06/vainilla-glow.png,,,,,,,,,0,,,,,,,,,,,,,,,,Capacidad,"1 L, 150 mL, 250 mL, 500 mL",1,1,"Vainilla, ralladura de naranja",field_6a3739f9978a5,"Caramelo suave, crema batida",field_6a373a0b978a6,"Madera cálida, azúcar moreno",field_6a373a15978a7
647,variation,AR-SUNNY-150,,"Aroma Sunny - 150 mL",1,0,visible,,,,,taxable,parent,1,100,,0,0,,,,,0,,,90.00,,,,,,,AR-SUNNY,,,,,,0,,,,,,,,,,,,,,,,Capacidad,"150 mL",,1,,,,,,
648,variation,AR-SUNNY-250,,"Aroma Sunny - 250 mL",1,0,visible,,,,,taxable,parent,1,100,,0,0,,,,,0,,,125.00,,,,,,,AR-SUNNY,,,,,,0,,,,,,,,,,,,,,,,Capacidad,"250 mL",,1,,,,,,
649,variation,AR-SUNNY-500,,"Aroma Sunny - 500 mL",1,0,visible,,,,,taxable,parent,1,100,,0,0,,,,,0,,,229.00,,,,,,,AR-SUNNY,,,,,,0,,,,,,,,,,,,,,,,Capacidad,"500 mL",,1,,,,,,
650,variation,AR-SUNNY-1L,,"Aroma Sunny - 1 L",1,0,visible,,,,,taxable,parent,1,100,,0,0,,,,,0,,,439.00,,,,,,,AR-SUNNY,,,,,,0,,,,,,,,,,,,,,,,Capacidad,"1 L",,1,,,,,,
651,variation,AR-SWEET-HARVEST-150,,"Aroma Sweet Harvest - 150 mL",1,0,visible,,,,,taxable,parent,1,100,,0,0,,,,,0,,,90.00,,,,,,,AR-SWEET-HARVEST,,,,,,0,,,,,,,,,,,,,,,,Capacidad,"150 mL",,1,,,,,,
652,variation,AR-SWEET-HARVEST-250,,"Aroma Sweet Harvest - 250 mL",1,0,visible,,,,,taxable,parent,1,100,,0,0,,,,,0,,,125.00,,,,,,,AR-SWEET-HARVEST,,,,,,0,,,,,,,,,,,,,,,,Capacidad,"250 mL",,1,,,,,,
653,variation,AR-SWEET-HARVEST-500,,"Aroma Sweet Harvest - 500 mL",1,0,visible,,,,,taxable,parent,1,100,,0,0,,,,,0,,,229.00,,,,,,,AR-SWEET-HARVEST,,,,,,0,,,,,,,,,,,,,,,,Capacidad,"500 mL",,1,,,,,,
654,variation,AR-SWEET-HARVEST-1L,,"Aroma Sweet Harvest - 1 L",1,0,visible,,,,,taxable,parent,1,100,,0,0,,,,,0,,,439.00,,,,,,,AR-SWEET-HARVEST,,,,,,0,,,,,,,,,,,,,,,,Capacidad,"1 L",,1,,,,,,
655,variation,AR-TE-SILVESTRE-150,,"Aroma Té Silvestre - 150 mL",1,0,visible,,,,,taxable,parent,1,100,,0,0,,,,,0,,,90.00,,,,,,,AR-TE-SILVESTRE,,,,,,0,,,,,,,,,,,,,,,,Capacidad,"150 mL",,1,,,,,,
656,variation,AR-TE-SILVESTRE-250,,"Aroma Té Silvestre - 250 mL",1,0,visible,,,,,taxable,parent,1,100,,0,0,,,,,0,,,125.00,,,,,,,AR-TE-SILVESTRE,,,,,,0,,,,,,,,,,,,,,,,Capacidad,"250 mL",,1,,,,,,
657,variation,AR-TE-SILVESTRE-500,,"Aroma Té Silvestre - 500 mL",1,0,visible,,,,,taxable,parent,1,100,,0,0,,,,,0,,,229.00,,,,,,,AR-TE-SILVESTRE,,,,,,0,,,,,,,,,,,,,,,,Capacidad,"500 mL",,1,,,,,,
658,variation,AR-TE-SILVESTRE-1L,,"Aroma Té Silvestre - 1 L",1,0,visible,,,,,taxable,parent,1,100,,0,0,,,,,0,,,439.00,,,,,,,AR-TE-SILVESTRE,,,,,,0,,,,,,,,,,,,,,,,Capacidad,"1 L",,1,,,,,,
659,variation,AR-TROPICAL-FRUITS-150,,"Aroma Tropical Fruits - 150 mL",1,0,visible,,,,,taxable,parent,1,100,,0,0,,,,,0,,,90.00,,,,,,,AR-TROPICAL-FRUITS,,,,,,0,,,,,,,,,,,,,,,,Capacidad,"150 mL",,1,,,,,,
660,variation,AR-TROPICAL-FRUITS-250,,"Aroma Tropical Fruits - 250 mL",1,0,visible,,,,,taxable,parent,1,100,,0,0,,,,,0,,,125.00,,,,,,,AR-TROPICAL-FRUITS,,,,,,0,,,,,,,,,,,,,,,,Capacidad,"250 mL",,1,,,,,,
661,variation,AR-TROPICAL-FRUITS-500,,"Aroma Tropical Fruits - 500 mL",1,0,visible,,,,,taxable,parent,1,100,,0,0,,,,,0,,,229.00,,,,,,,AR-TROPICAL-FRUITS,,,,,,0,,,,,,,,,,,,,,,,Capacidad,"500 mL",,1,,,,,,
662,variation,AR-TROPICAL-FRUITS-1L,,"Aroma Tropical Fruits - 1 L",1,0,visible,,,,,taxable,parent,1,100,,0,0,,,,,0,,,439.00,,,,,,,AR-TROPICAL-FRUITS,,,,,,0,,,,,,,,,,,,,,,,Capacidad,"1 L",,1,,,,,,
663,variation,AR-URBAN-FIT-150,,"Aroma Urban Fit - 150 mL",1,0,visible,,,,,taxable,parent,1,100,,0,0,,,,,0,,,90.00,,,,,,,AR-URBAN-FIT,,,,,,0,,,,,,,,,,,,,,,,Capacidad,"150 mL",,1,,,,,,
664,variation,AR-URBAN-FIT-250,,"Aroma Urban Fit - 250 mL",1,0,visible,,,,,taxable,parent,1,100,,0,0,,,,,0,,,125.00,,,,,,,AR-URBAN-FIT,,,,,,0,,,,,,,,,,,,,,,,Capacidad,"250 mL",,1,,,,,,
665,variation,AR-URBAN-FIT-500,,"Aroma Urban Fit - 500 mL",1,0,visible,,,,,taxable,parent,1,100,,0,0,,,,,0,,,229.00,,,,,,,AR-URBAN-FIT,,,,,,0,,,,,,,,,,,,,,,,Capacidad,"500 mL",,1,,,,,,
666,variation,AR-URBAN-FIT-1L,,"Aroma Urban Fit - 1 L",1,0,visible,,,,,taxable,parent,1,100,,0,0,,,,,0,,,439.00,,,,,,,AR-URBAN-FIT,,,,,,0,,,,,,,,,,,,,,,,Capacidad,"1 L",,1,,,,,,
667,variation,AR-VAINILLA-GLOW-150,,"Aroma Vainilla Glow - 150 mL",1,0,visible,,,,,taxable,parent,1,100,,0,0,,,,,0,,,90.00,,,,,,,AR-VAINILLA-GLOW,,,,,,0,,,,,,,,,,,,,,,,Capacidad,"150 mL",,1,,,,,,
668,variation,AR-VAINILLA-GLOW-250,,"Aroma Vainilla Glow - 250 mL",1,0,visible,,,,,taxable,parent,1,100,,0,0,,,,,0,,,125.00,,,,,,,AR-VAINILLA-GLOW,,,,,,0,,,,,,,,,,,,,,,,Capacidad,"250 mL",,1,,,,,,
669,variation,AR-VAINILLA-GLOW-500,,"Aroma Vainilla Glow - 500 mL",1,0,visible,,,,,taxable,parent,1,100,,0,0,,,,,0,,,229.00,,,,,,,AR-VAINILLA-GLOW,,,,,,0,,,,,,,,,,,,,,,,Capacidad,"500 mL",,1,,,,,,
670,variation,AR-VAINILLA-GLOW-1L,,"Aroma Vainilla Glow - 1 L",1,0,visible,,,,,taxable,parent,1,100,,0,0,,,,,0,,,439.00,,,,,,,AR-VAINILLA-GLOW,,,,,,0,,,,,,,,,,,,,,,,Capacidad,"1 L",,1,,,,,,
671,variable,AR-WHITE-TEA,,"Aroma White Tea",1,0,visible,,,,,taxable,,1,,,0,0,,,,,1,,,,Aromas,,,https://vaporis.pruebalucuma.site/wp-content/uploads/2026/06/white-tea.png,,,,,,,,,0,,,,,,,,,,,,,,,,Capacidad,"1 L, 150 mL, 250 mL, 500 mL",1,1,"Bergamota, hojas de té",field_6a3739f9978a5,"Flor de loto, jazmín",field_6a373a0b978a6,"Almizcle blanco, madera clara",field_6a373a15978a7
672,variable,AR-WILD-ADVENTURE,,"Aroma Wild Adventure",0,0,visible,,,,,taxable,,1,,,0,0,,,,,1,,,,Aromas,,,,,,,,,,,,0,,,,,,,,,,,,,,,,Capacidad,"1 L, 150 mL, 250 mL, 500 mL",1,1,"Lavanda, cáscara de limón",field_6a3739f9978a5,"Acordes frescos verdes",field_6a373a0b978a6,"Ámbar seco, madera masculina",field_6a373a15978a7
673,variable,AR-CORAL,,"Aroma Coral",0,0,visible,,,,,taxable,,1,,,0,0,,,,,1,,,,Aromas,,,https://vaporis.pruebalucuma.site/wp-content/uploads/2026/06/coral.png,,,,,,,,,0,,,,,,,,,,,,,,,,Capacidad,"1 L, 150 mL, 250 mL, 500 mL",1,1,,,,,,
674,variable,AR-DULCE-BOUQUET,,"Aroma Dulce Bouquet",0,0,visible,,,,,taxable,,1,,,0,0,,,,,1,,,,Aromas,,,https://vaporis.pruebalucuma.site/wp-content/uploads/2026/06/dulce-bouquet.png,,,,,,,,,0,,,,,,,,,,,,,,,,Capacidad,"1 L, 150 mL, 250 mL, 500 mL",1,1,,,,,,
675,variable,AR-FRESCURA-ORIENTAL,,"Aroma Frescura Oriental",0,0,visible,,,,,taxable,,1,,,0,0,,,,,1,,,,Aromas,,,https://vaporis.pruebalucuma.site/wp-content/uploads/2026/06/frescura-oriental.png,,,,,,,,,0,,,,,,,,,,,,,,,,Capacidad,"1 L, 150 mL, 250 mL, 500 mL",1,1,,,,,,
676,variable,AR-HERBAL-PARADISE,,"Aroma Herbal Paradise",0,0,visible,,,,,taxable,,1,,,0,0,,,,,1,,,,Aromas,,,https://vaporis.pruebalucuma.site/wp-content/uploads/2026/06/herbal-paradise.png,,,,,,,,,0,,,,,,,,,,,,,,,,Capacidad,"1 L, 150 mL, 250 mL, 500 mL",1,1,,,,,,
677,variation,AR-WHITE-TEA-150,,"Aroma White Tea - 150 mL",1,0,visible,,,,,taxable,parent,1,100,,0,0,,,,,0,,,90.00,,,,,,,AR-WHITE-TEA,,,,,,0,,,,,,,,,,,,,,,,Capacidad,"150 mL",,1,,,,,,
678,variation,AR-WHITE-TEA-250,,"Aroma White Tea - 250 mL",1,0,visible,,,,,taxable,parent,1,100,,0,0,,,,,0,,,125.00,,,,,,,AR-WHITE-TEA,,,,,,0,,,,,,,,,,,,,,,,Capacidad,"250 mL",,1,,,,,,
679,variation,AR-WHITE-TEA-500,,"Aroma White Tea - 500 mL",1,0,visible,,,,,taxable,parent,1,100,,0,0,,,,,0,,,229.00,,,,,,,AR-WHITE-TEA,,,,,,0,,,,,,,,,,,,,,,,Capacidad,"500 mL",,1,,,,,,
680,variation,AR-WHITE-TEA-1L,,"Aroma White Tea - 1 L",1,0,visible,,,,,taxable,parent,1,100,,0,0,,,,,0,,,439.00,,,,,,,AR-WHITE-TEA,,,,,,0,,,,,,,,,,,,,,,,Capacidad,"1 L",,1,,,,,,
681,variation,AR-WILD-ADVENTURE-150,,"Aroma Wild Adventure - 150 mL",0,0,visible,,,,,taxable,parent,1,100,,0,0,,,,,0,,,90.00,,,,,,,AR-WILD-ADVENTURE,,,,,,0,,,,,,,,,,,,,,,,Capacidad,"150 mL",,1,,,,,,
682,variation,AR-WILD-ADVENTURE-250,,"Aroma Wild Adventure - 250 mL",0,0,visible,,,,,taxable,parent,1,100,,0,0,,,,,0,,,125.00,,,,,,,AR-WILD-ADVENTURE,,,,,,0,,,,,,,,,,,,,,,,Capacidad,"250 mL",,1,,,,,,
683,variation,AR-WILD-ADVENTURE-500,,"Aroma Wild Adventure - 500 mL",0,0,visible,,,,,taxable,parent,1,100,,0,0,,,,,0,,,229.00,,,,,,,AR-WILD-ADVENTURE,,,,,,0,,,,,,,,,,,,,,,,Capacidad,"500 mL",,1,,,,,,
684,variation,AR-WILD-ADVENTURE-1L,,"Aroma Wild Adventure - 1 L",0,0,visible,,,,,taxable,parent,1,100,,0,0,,,,,0,,,439.00,,,,,,,AR-WILD-ADVENTURE,,,,,,0,,,,,,,,,,,,,,,,Capacidad,"1 L",,1,,,,,,
685,variation,AR-CORAL-150,,"Aroma Coral - 150 mL",0,0,visible,,,,,taxable,parent,1,100,,0,0,,,,,0,,,,,,,,,,AR-CORAL,,,,,,0,,,,,,,,,,,,,,,,Capacidad,"150 mL",,1,,,,,,
686,variation,AR-CORAL-250,,"Aroma Coral - 250 mL",0,0,visible,,,,,taxable,parent,1,100,,0,0,,,,,0,,,,,,,,,,AR-CORAL,,,,,,0,,,,,,,,,,,,,,,,Capacidad,"250 mL",,1,,,,,,
687,variation,AR-CORAL-500,,"Aroma Coral - 500 mL",0,0,visible,,,,,taxable,parent,1,100,,0,0,,,,,0,,,,,,,,,,AR-CORAL,,,,,,0,,,,,,,,,,,,,,,,Capacidad,"500 mL",,1,,,,,,
688,variation,AR-CORAL-1L,,"Aroma Coral - 1 L",0,0,visible,,,,,taxable,parent,1,100,,0,0,,,,,0,,,,,,,,,,AR-CORAL,,,,,,0,,,,,,,,,,,,,,,,Capacidad,"1 L",,1,,,,,,
689,variation,AR-DULCE-BOUQUET-150,,"Aroma Dulce Bouquet - 150 mL",0,0,visible,,,,,taxable,parent,1,100,,0,0,,,,,0,,,,,,,,,,AR-DULCE-BOUQUET,,,,,,0,,,,,,,,,,,,,,,,Capacidad,"150 mL",,1,,,,,,
690,variation,AR-DULCE-BOUQUET-250,,"Aroma Dulce Bouquet - 250 mL",0,0,visible,,,,,taxable,parent,1,100,,0,0,,,,,0,,,,,,,,,,AR-DULCE-BOUQUET,,,,,,0,,,,,,,,,,,,,,,,Capacidad,"250 mL",,1,,,,,,
691,variation,AR-DULCE-BOUQUET-500,,"Aroma Dulce Bouquet - 500 mL",0,0,visible,,,,,taxable,parent,1,100,,0,0,,,,,0,,,,,,,,,,AR-DULCE-BOUQUET,,,,,,0,,,,,,,,,,,,,,,,Capacidad,"500 mL",,1,,,,,,
692,variation,AR-DULCE-BOUQUET-1L,,"Aroma Dulce Bouquet - 1 L",0,0,visible,,,,,taxable,parent,1,100,,0,0,,,,,0,,,,,,,,,,AR-DULCE-BOUQUET,,,,,,0,,,,,,,,,,,,,,,,Capacidad,"1 L",,1,,,,,,
693,variation,AR-FRESCURA-ORIENTAL-150,,"Aroma Frescura Oriental - 150 mL",0,0,visible,,,,,taxable,parent,1,100,,0,0,,,,,0,,,,,,,,,,AR-FRESCURA-ORIENTAL,,,,,,0,,,,,,,,,,,,,,,,Capacidad,"150 mL",,1,,,,,,
694,variation,AR-FRESCURA-ORIENTAL-250,,"Aroma Frescura Oriental - 250 mL",0,0,visible,,,,,taxable,parent,1,100,,0,0,,,,,0,,,,,,,,,,AR-FRESCURA-ORIENTAL,,,,,,0,,,,,,,,,,,,,,,,Capacidad,"250 mL",,1,,,,,,
695,variation,AR-FRESCURA-ORIENTAL-500,,"Aroma Frescura Oriental - 500 mL",0,0,visible,,,,,taxable,parent,1,100,,0,0,,,,,0,,,,,,,,,,AR-FRESCURA-ORIENTAL,,,,,,0,,,,,,,,,,,,,,,,Capacidad,"500 mL",,1,,,,,,
696,variation,AR-FRESCURA-ORIENTAL-1L,,"Aroma Frescura Oriental - 1 L",0,0,visible,,,,,taxable,parent,1,100,,0,0,,,,,0,,,,,,,,,,AR-FRESCURA-ORIENTAL,,,,,,0,,,,,,,,,,,,,,,,Capacidad,"1 L",,1,,,,,,
697,variation,AR-HERBAL-PARADISE-150,,"Aroma Herbal Paradise - 150 mL",0,0,visible,,,,,taxable,parent,1,100,,0,0,,,,,0,,,,,,,,,,AR-HERBAL-PARADISE,,,,,,0,,,,,,,,,,,,,,,,Capacidad,"150 mL",,1,,,,,,
698,variation,AR-HERBAL-PARADISE-250,,"Aroma Herbal Paradise - 250 mL",0,0,visible,,,,,taxable,parent,1,100,,0,0,,,,,0,,,,,,,,,,AR-HERBAL-PARADISE,,,,,,0,,,,,,,,,,,,,,,,Capacidad,"250 mL",,1,,,,,,
699,variation,AR-HERBAL-PARADISE-500,,"Aroma Herbal Paradise - 500 mL",0,0,visible,,,,,taxable,parent,1,100,,0,0,,,,,0,,,,,,,,,,AR-HERBAL-PARADISE,,,,,,0,,,,,,,,,,,,,,,,Capacidad,"500 mL",,1,,,,,,
700,variation,AR-HERBAL-PARADISE-1L,,"Aroma Herbal Paradise - 1 L",0,0,visible,,,,,taxable,parent,1,100,,0,0,,,,,0,,,,,,,,,,AR-HERBAL-PARADISE,,,,,,0,,,,,,,,,,,,,,,,Capacidad,"1 L",,1,,,,,,
701,variable,AR-NICE,,"Aroma Nice",0,0,visible,,,,,taxable,,1,,,0,0,,,,,1,,,,Aromas,,,https://vaporis.pruebalucuma.site/wp-content/uploads/2026/06/nice.png,,,,,,,,,0,,,,,,,,,,,,,,,,Capacidad,"1 L, 150 mL, 250 mL, 500 mL",1,1,,,,,,
702,variable,AR-OTONO,,"Aroma Otoño",0,0,visible,,,,,taxable,,1,,,0,0,,,,,1,,,,Aromas,,,https://vaporis.pruebalucuma.site/wp-content/uploads/2026/06/otono.png,,,,,,,,,0,,,,,,,,,,,,,,,,Capacidad,"1 L, 150 mL, 250 mL, 500 mL",1,1,,,,,,
703,variable,AR-VERSALLES,,"Aroma Versalles",0,0,visible,,,,,taxable,,1,,,0,0,,,,,1,,,,Aromas,,,https://vaporis.pruebalucuma.site/wp-content/uploads/2026/06/versalles.png,,,,,,,,,0,,,,,,,,,,,,,,,,Capacidad,"1 L, 150 mL, 250 mL, 500 mL",1,1,,,,,,
704,variation,AR-NICE-150,,"Aroma Nice - 150 mL",0,0,visible,,,,,taxable,parent,1,100,,0,0,,,,,0,,,,,,,,,,AR-NICE,,,,,,0,,,,,,,,,,,,,,,,Capacidad,"150 mL",,1,,,,,,
705,variation,AR-NICE-250,,"Aroma Nice - 250 mL",0,0,visible,,,,,taxable,parent,1,100,,0,0,,,,,0,,,,,,,,,,AR-NICE,,,,,,0,,,,,,,,,,,,,,,,Capacidad,"250 mL",,1,,,,,,
706,variation,AR-NICE-500,,"Aroma Nice - 500 mL",0,0,visible,,,,,taxable,parent,1,100,,0,0,,,,,0,,,,,,,,,,AR-NICE,,,,,,0,,,,,,,,,,,,,,,,Capacidad,"500 mL",,1,,,,,,
707,variation,AR-NICE-1L,,"Aroma Nice - 1 L",0,0,visible,,,,,taxable,parent,1,100,,0,0,,,,,0,,,,,,,,,,AR-NICE,,,,,,0,,,,,,,,,,,,,,,,Capacidad,"1 L",,1,,,,,,
708,variation,AR-OTONO-150,,"Aroma Otoño - 150 mL",0,0,visible,,,,,taxable,parent,1,100,,0,0,,,,,0,,,,,,,,,,AR-OTONO,,,,,,0,,,,,,,,,,,,,,,,Capacidad,"150 mL",,1,,,,,,
709,variation,AR-OTONO-250,,"Aroma Otoño - 250 mL",0,0,visible,,,,,taxable,parent,1,100,,0,0,,,,,0,,,,,,,,,,AR-OTONO,,,,,,0,,,,,,,,,,,,,,,,Capacidad,"250 mL",,1,,,,,,
710,variation,AR-OTONO-500,,"Aroma Otoño - 500 mL",0,0,visible,,,,,taxable,parent,1,100,,0,0,,,,,0,,,,,,,,,,AR-OTONO,,,,,,0,,,,,,,,,,,,,,,,Capacidad,"500 mL",,1,,,,,,
711,variation,AR-OTONO-1L,,"Aroma Otoño - 1 L",0,0,visible,,,,,taxable,parent,1,100,,0,0,,,,,0,,,,,,,,,,AR-OTONO,,,,,,0,,,,,,,,,,,,,,,,Capacidad,"1 L",,1,,,,,,
712,variation,AR-VERSALLES-150,,"Aroma Versalles - 150 mL",0,0,visible,,,,,taxable,parent,1,100,,0,0,,,,,0,,,,,,,,,,AR-VERSALLES,,,,,,0,,,,,,,,,,,,,,,,Capacidad,"150 mL",,1,,,,,,
713,variation,AR-VERSALLES-250,,"Aroma Versalles - 250 mL",0,0,visible,,,,,taxable,parent,1,100,,0,0,,,,,0,,,,,,,,,,AR-VERSALLES,,,,,,0,,,,,,,,,,,,,,,,Capacidad,"250 mL",,1,,,,,,
714,variation,AR-VERSALLES-500,,"Aroma Versalles - 500 mL",0,0,visible,,,,,taxable,parent,1,100,,0,0,,,,,0,,,,,,,,,,AR-VERSALLES,,,,,,0,,,,,,,,,,,,,,,,Capacidad,"500 mL",,1,,,,,,
715,variation,AR-VERSALLES-1L,,"Aroma Versalles - 1 L",0,0,visible,,,,,taxable,parent,1,100,,0,0,,,,,0,,,,,,,,,,AR-VERSALLES,,,,,,0,,,,,,,,,,,,,,,,Capacidad,"1 L",,1,,,,,,
